#VRML V2.0 utf8

Shape {
  appearance Appearance {
    material Material {
      diffuseColor 0.9686 0.8784 0.6000
      specularColor 0.6784 0.6157 0.4196
      ambientIntensity 0.2
      transparency 0.0000
      shininess 0.5
    }
  }
  geometry IndexedFaceSet {
    ccw TRUE
    solid FALSE
    coord DEF co Coordinate {
      point [
        -0.118110 -0.413386 -0.007874,
        -0.118110 -0.413386 0.039370,
        -0.060244 -0.413386 -0.007874,
        -0.060244 -0.413386 0.039370,
        -0.118110 -0.610236 -0.007874,
        -0.118110 -0.610236 0.039370,
        0.118110 -0.610236 -0.007874,
        0.118110 -0.610236 0.039370,
        0.118110 -0.413386 -0.007874,
        0.118110 -0.413386 0.039370,
        0.060244 -0.413386 -0.007874,
        0.060244 -0.413386 0.039370,
        0.060244 -0.079889 -0.007874,
        0.060244 -0.079889 0.039370,
        0.083540 -0.067883 -0.007874,
        0.083540 -0.067883 0.039370,
        0.104522 -0.052181 -0.007874,
        0.104522 -0.052181 0.039370,
        0.122609 -0.033216 -0.007874,
        0.122609 -0.033216 0.039370,
        0.137301 -0.011514 -0.007874,
        0.137301 -0.011514 0.039370,
        0.148190 0.012324 -0.007874,
        0.148190 0.012324 0.039370,
        0.154976 0.037637 -0.007874,
        0.154976 0.037637 0.039370,
        0.157469 0.063726 -0.007874,
        0.157469 0.063726 0.039370,
        0.155602 0.089866 -0.007874,
        0.155602 0.089866 0.039370,
        0.149425 0.115335 -0.007874,
        0.149425 0.115335 0.039370,
        0.139110 0.139427 -0.007874,
        0.139110 0.139427 0.039370,
        0.124942 0.161474 -0.007874,
        0.124942 0.161474 0.039370,
        0.107315 0.180867 -0.007874,
        0.107315 0.180867 0.039370,
        0.086715 0.197069 -0.007874,
        0.086715 0.197069 0.039370,
        0.063713 0.209629 -0.007874,
        0.063713 0.209629 0.039370,
        0.038948 0.218201 -0.007874,
        0.038948 0.218201 0.039370,
        0.013104 0.222547 -0.007874,
        0.013104 0.222547 0.039370,
        -0.013104 0.222547 -0.007874,
        -0.013104 0.222547 0.039370,
        -0.038948 0.218201 -0.007874,
        -0.038948 0.218201 0.039370,
        -0.063713 0.209629 -0.007874,
        -0.063713 0.209629 0.039370,
        -0.086715 0.197069 -0.007874,
        -0.086715 0.197069 0.039370,
        -0.107315 0.180867 -0.007874,
        -0.107315 0.180867 0.039370,
        -0.124942 0.161474 -0.007874,
        -0.124942 0.161474 0.039370,
        -0.139110 0.139427 -0.007874,
        -0.139110 0.139427 0.039370,
        -0.149425 0.115335 -0.007874,
        -0.149425 0.115335 0.039370,
        -0.155602 0.089866 -0.007874,
        -0.155602 0.089866 0.039370,
        -0.157469 0.063726 -0.007874,
        -0.157469 0.063726 0.039370,
        -0.154976 0.037637 -0.007874,
        -0.154976 0.037637 0.039370,
        -0.148190 0.012324 -0.007874,
        -0.148190 0.012324 0.039370,
        -0.137301 -0.011514 -0.007874,
        -0.137301 -0.011514 0.039370,
        -0.122609 -0.033216 -0.007874,
        -0.122609 -0.033216 0.039370,
        -0.104522 -0.052181 -0.007874,
        -0.104522 -0.052181 0.039370,
        -0.083540 -0.067883 -0.007874,
        -0.083540 -0.067883 0.039370,
        -0.060244 -0.079889 -0.007874,
        -0.060244 -0.079889 0.039370,
        0.027839 0.037774 0.039370,
        0.019685 0.031517 0.039370,
        0.034096 0.045928 0.039370,
        0.038029 0.055423 0.039370,
        0.039370 0.065613 0.039370,
        0.010190 0.027584 0.039370,
        -0.000000 0.026243 0.039370,
        -0.027839 0.093452 0.039370,
        -0.034096 0.085298 0.039370,
        -0.038029 0.075802 0.039370,
        -0.010190 0.103641 0.039370,
        -0.019685 0.099708 0.039370,
        -0.010190 0.027584 0.039370,
        -0.019685 0.031517 0.039370,
        -0.027839 0.037774 0.039370,
        -0.034096 0.045928 0.039370,
        -0.000000 0.104983 0.039370,
        0.038029 0.075802 0.039370,
        0.034096 0.085298 0.039370,
        -0.038029 0.055423 0.039370,
        -0.039370 0.065613 0.039370,
        0.019685 0.099708 0.039370,
        0.010190 0.103641 0.039370,
        0.027839 0.093452 0.039370,
        0.040473 0.034284 -0.007874,
        0.045951 0.043073 -0.007874,
        -0.005178 0.014694 -0.007874,
        0.005178 0.014694 -0.007874,
        0.015322 0.016779 -0.007874,
        0.024838 0.020863 -0.007874,
        0.033338 0.026778 -0.007874,
        -0.043435 0.092685 -0.007874,
        -0.037096 0.100875 -0.007874,
        -0.029238 0.107620 -0.007874,
        -0.020183 0.112646 -0.007874,
        -0.010303 0.115746 -0.007874,
        -0.045951 0.043073 -0.007874,
        -0.040473 0.034284 -0.007874,
        0.049547 0.052784 -0.007874,
        0.051115 0.063020 -0.007874,
        0.050591 0.073363 -0.007874,
        0.047995 0.083388 -0.007874,
        0.043435 0.092685 -0.007874,
        0.037096 0.100875 -0.007874,
        -0.033338 0.026778 -0.007874,
        -0.024838 0.020863 -0.007874,
        -0.015322 0.016779 -0.007874,
        -0.000000 0.116794 -0.007874,
        0.010303 0.115746 -0.007874,
        0.020183 0.112646 -0.007874,
        0.029238 0.107620 -0.007874,
        -0.049547 0.052784 -0.007874,
        -0.051115 0.063020 -0.007874,
        -0.050591 0.073363 -0.007874,
        -0.047995 0.083388 -0.007874,
        0.007925 0.104177 0.003937,
        0.010140 0.103482 0.003937,
        0.015526 0.101792 0.003937,
        0.027781 0.093384 0.003937,
        0.022491 0.097926 0.003937,
        0.019590 0.099536 0.003937,
        0.028535 0.092737 0.003937,
        0.033411 0.086438 0.003937,
        0.033995 0.085248 0.003937,
        0.036919 0.079286 0.003937,
        0.039219 0.065605 0.003937,
        0.038916 0.071574 0.003937,
        0.037834 0.075752 0.003937,
        0.039320 0.063619 0.003937,
        0.038113 0.055744 0.003937,
        0.037998 0.055434 0.003937,
        0.035346 0.048274 0.003937,
        0.033943 0.046022 0.003937,
        0.031133 0.041514 0.003937,
        0.019650 0.031568 0.003937,
        0.025644 0.035740 0.003937,
        0.027702 0.037904 0.003937,
        0.019106 0.031189 0.003937,
        0.011786 0.028048 0.003937,
        0.010163 0.027715 0.003937,
        0.003983 0.026444 0.003937,
        -0.010163 0.027715 0.003937,
        -0.003983 0.026444 0.003937,
        -0.000000 0.026444 0.003937,
        -0.011786 0.028048 0.003937,
        -0.019106 0.031189 0.003937,
        -0.019650 0.031568 0.003937,
        -0.025644 0.035740 0.003937,
        -0.027702 0.037904 0.003937,
        -0.031133 0.041514 0.003937,
        -0.037998 0.055434 0.003937,
        -0.035346 0.048274 0.003937,
        -0.033943 0.046022 0.003937,
        -0.038113 0.055744 0.003937,
        -0.039320 0.063619 0.003937,
        -0.039219 0.065605 0.003937,
        -0.038916 0.071574 0.003937,
        -0.033995 0.085248 0.003937,
        -0.036919 0.079286 0.003937,
        -0.037834 0.075752 0.003937,
        -0.033411 0.086438 0.003937,
        -0.028535 0.092737 0.003937,
        -0.027781 0.093384 0.003937,
        -0.022491 0.097926 0.003937,
        -0.019590 0.099536 0.003937,
        -0.015526 0.101792 0.003937,
        -0.010140 0.103482 0.003937,
        -0.007925 0.104177 0.003937,
        -0.000000 0.104983 0.003937,
        -0.022721 0.098256 0.000880,
        -0.028827 0.093015 0.000880,
        -0.033753 0.086651 0.000880,
        -0.037297 0.079426 0.000880,
        -0.039314 0.071635 0.000880,
        -0.039722 0.063598 0.000880,
        -0.038503 0.055644 0.000880,
        -0.035708 0.048097 0.000880,
        -0.031451 0.041268 0.000880,
        -0.025907 0.035435 0.000880,
        -0.019302 0.030838 0.000880,
        -0.011906 0.027664 0.000880,
        -0.004024 0.026044 0.000880,
        0.004024 0.026044 0.000880,
        0.011906 0.027664 0.000880,
        0.019302 0.030838 0.000880,
        0.025907 0.035435 0.000880,
        0.031451 0.041268 0.000880,
        0.035708 0.048097 0.000880,
        0.038503 0.055644 0.000880,
        0.039722 0.063598 0.000880,
        0.039314 0.071635 0.000880,
        0.037297 0.079426 0.000880,
        0.033753 0.086651 0.000880,
        0.028827 0.093015 0.000880,
        0.022721 0.098256 0.000880,
        0.015685 0.102162 0.000880,
        0.008006 0.104571 0.000880,
        -0.000000 0.105385 0.000880,
        -0.008006 0.104571 0.000880,
        -0.015685 0.102162 0.000880,
        0.008244 0.105727 -0.001969,
        0.016150 0.103246 -0.001969,
        0.023395 0.099225 -0.001969,
        0.029682 0.093828 -0.001969,
        0.034754 0.087275 -0.001969,
        0.038403 0.079835 -0.001969,
        0.040480 0.071814 -0.001969,
        0.040900 0.063539 -0.001969,
        0.039645 0.055348 -0.001969,
        0.036767 0.047578 -0.001969,
        0.032384 0.040545 -0.001969,
        0.026675 0.034540 -0.001969,
        0.019874 0.029806 -0.001969,
        0.012260 0.026538 -0.001969,
        0.004143 0.024870 -0.001969,
        -0.004143 0.024870 -0.001969,
        -0.012260 0.026538 -0.001969,
        -0.019874 0.029806 -0.001969,
        -0.026675 0.034540 -0.001969,
        -0.032384 0.040545 -0.001969,
        -0.036767 0.047578 -0.001969,
        -0.039645 0.055348 -0.001969,
        -0.040900 0.063539 -0.001969,
        -0.040480 0.071814 -0.001969,
        -0.038403 0.079835 -0.001969,
        -0.034754 0.087275 -0.001969,
        -0.029682 0.093828 -0.001969,
        -0.023395 0.099225 -0.001969,
        -0.016150 0.103246 -0.001969,
        -0.008244 0.105727 -0.001969,
        -0.000000 0.106565 -0.001969,
        0.008622 0.107565 -0.004415,
        0.016890 0.104971 -0.004415,
        0.024467 0.100765 -0.004415,
        0.031043 0.095121 -0.004415,
        0.036347 0.088268 -0.004415,
        0.040163 0.080487 -0.004415,
        0.042335 0.072098 -0.004415,
        0.042774 0.063443 -0.004415,
        0.041462 0.054877 -0.004415,
        0.038452 0.046751 -0.004415,
        0.033869 0.039396 -0.004415,
        0.027898 0.033115 -0.004415,
        0.020785 0.028165 -0.004415,
        0.012822 0.024747 -0.004415,
        0.004333 0.023003 -0.004415,
        -0.004333 0.023003 -0.004415,
        -0.012822 0.024747 -0.004415,
        -0.020785 0.028165 -0.004415,
        -0.027898 0.033115 -0.004415,
        -0.033869 0.039396 -0.004415,
        -0.038452 0.046751 -0.004415,
        -0.041462 0.054877 -0.004415,
        -0.042774 0.063443 -0.004415,
        -0.042335 0.072098 -0.004415,
        -0.040163 0.080487 -0.004415,
        -0.036347 0.088268 -0.004415,
        -0.031043 0.095121 -0.004415,
        -0.024467 0.100765 -0.004415,
        -0.016890 0.104971 -0.004415,
        -0.008622 0.107565 -0.004415,
        -0.000000 0.108442 -0.004415,
        0.009114 0.109961 -0.006292,
        0.017855 0.107219 -0.006292,
        0.025865 0.102773 -0.006292,
        0.032815 0.096806 -0.006292,
        0.038423 0.089562 -0.006292,
        0.042457 0.081337 -0.006292,
        0.044754 0.072469 -0.006292,
        0.045217 0.063319 -0.006292,
        0.043830 0.054264 -0.006292,
        0.040649 0.045674 -0.006292,
        0.035803 0.037899 -0.006292,
        0.029491 0.031259 -0.006292,
        0.021972 0.026026 -0.006292,
        0.013554 0.022413 -0.006292,
        0.004580 0.020569 -0.006292,
        -0.004580 0.020569 -0.006292,
        -0.013554 0.022413 -0.006292,
        -0.021972 0.026026 -0.006292,
        -0.029491 0.031259 -0.006292,
        -0.035803 0.037899 -0.006292,
        -0.040649 0.045674 -0.006292,
        -0.043830 0.054264 -0.006292,
        -0.045217 0.063319 -0.006292,
        -0.044754 0.072469 -0.006292,
        -0.042457 0.081337 -0.006292,
        -0.038423 0.089562 -0.006292,
        -0.032815 0.096806 -0.006292,
        -0.025865 0.102773 -0.006292,
        -0.017855 0.107219 -0.006292,
        -0.009114 0.109961 -0.006292,
        -0.000000 0.110888 -0.006292,
        0.009687 0.112752 -0.007472,
        0.018978 0.109837 -0.007472,
        0.027492 0.105111 -0.007472,
        0.034880 0.098769 -0.007472,
        0.040840 0.091069 -0.007472,
        0.045129 0.082326 -0.007472,
        0.047569 0.072900 -0.007472,
        0.048063 0.063175 -0.007472,
        0.046588 0.053550 -0.007472,
        0.043206 0.044419 -0.007472,
        0.038056 0.036156 -0.007472,
        0.031347 0.029098 -0.007472,
        0.023355 0.023535 -0.007472,
        0.014407 0.019695 -0.007472,
        0.004869 0.017735 -0.007472,
        -0.004869 0.017735 -0.007472,
        -0.014407 0.019695 -0.007472,
        -0.023355 0.023535 -0.007472,
        -0.031347 0.029098 -0.007472,
        -0.038056 0.036156 -0.007472,
        -0.043206 0.044419 -0.007472,
        -0.046588 0.053550 -0.007472,
        -0.048063 0.063175 -0.007472,
        -0.047569 0.072900 -0.007472,
        -0.045129 0.082326 -0.007472,
        -0.040840 0.091069 -0.007472,
        -0.034880 0.098769 -0.007472,
        -0.027492 0.105111 -0.007472,
        -0.018978 0.109837 -0.007472,
        -0.009687 0.112752 -0.007472,
        -0.000000 0.113737 -0.007472,
        0.452756 0.278853 -0.007874,
        0.452756 0.278853 0.039370,
        0.590551 0.278853 -0.007874,
        0.590551 0.278853 0.039370,
        0.443995 0.277866 -0.007874,
        0.443995 0.277866 0.039370,
        0.435674 0.274954 -0.007874,
        0.435674 0.274954 0.039370,
        0.428209 0.270264 -0.007874,
        0.428209 0.270264 0.039370,
        0.421975 0.264030 -0.007874,
        0.421975 0.264030 0.039370,
        0.417285 0.256565 -0.007874,
        0.417285 0.256565 0.039370,
        0.414373 0.248244 -0.007874,
        0.414373 0.248244 0.039370,
        0.413386 0.239483 -0.007874,
        0.413386 0.239483 0.039370,
        0.413386 0.079889 -0.007874,
        0.413386 0.079889 0.039370,
        0.418811 0.071850 0.039370,
        0.418811 0.071850 -0.007874,
        0.422193 0.062761 0.039370,
        0.422193 0.062761 -0.007874,
        0.423341 0.053131 0.039370,
        0.423341 0.053131 -0.007874,
        0.422193 0.043501 0.039370,
        0.422193 0.043501 -0.007874,
        0.418811 0.034411 0.039370,
        0.418811 0.034411 -0.007874,
        0.413386 0.026372 0.039370,
        0.413386 0.026372 -0.007874,
        0.413386 -0.026372 -0.007874,
        0.413386 -0.026372 0.039370,
        0.418811 -0.034411 0.039370,
        0.418811 -0.034411 -0.007874,
        0.422193 -0.043501 0.039370,
        0.422193 -0.043501 -0.007874,
        0.423341 -0.053131 0.039370,
        0.423341 -0.053131 -0.007874,
        0.422193 -0.062761 0.039370,
        0.422193 -0.062761 -0.007874,
        0.418811 -0.071850 0.039370,
        0.418811 -0.071850 -0.007874,
        0.413386 -0.079889 0.039370,
        0.413386 -0.079889 -0.007874,
        0.413386 -0.239483 -0.007874,
        0.413386 -0.239483 0.039370,
        0.414373 -0.248244 -0.007874,
        0.414373 -0.248244 0.039370,
        0.417285 -0.256565 -0.007874,
        0.417285 -0.256565 0.039370,
        0.421975 -0.264030 -0.007874,
        0.421975 -0.264030 0.039370,
        0.428209 -0.270264 -0.007874,
        0.428209 -0.270264 0.039370,
        0.435674 -0.274954 -0.007874,
        0.435674 -0.274954 0.039370,
        0.443995 -0.277866 -0.007874,
        0.443995 -0.277866 0.039370,
        0.452756 -0.278853 -0.007874,
        0.452756 -0.278853 0.039370,
        0.590551 -0.278853 -0.007874,
        0.590551 -0.278853 0.039370,
        -0.413386 -0.079889 0.039370,
        -0.413386 -0.079889 -0.007874,
        -0.418811 -0.071850 0.039370,
        -0.418811 -0.071850 -0.007874,
        -0.422193 -0.062761 0.039370,
        -0.422193 -0.062761 -0.007874,
        -0.423341 -0.053131 0.039370,
        -0.423341 -0.053131 -0.007874,
        -0.422193 -0.043501 0.039370,
        -0.422193 -0.043501 -0.007874,
        -0.418811 -0.034411 0.039370,
        -0.418811 -0.034411 -0.007874,
        -0.413386 -0.026372 0.039370,
        -0.413386 -0.026372 -0.007874,
        -0.413386 0.026372 -0.007874,
        -0.413386 0.026372 0.039370,
        -0.418811 0.034411 0.039370,
        -0.418811 0.034411 -0.007874,
        -0.422193 0.043501 0.039370,
        -0.422193 0.043501 -0.007874,
        -0.423341 0.053131 0.039370,
        -0.423341 0.053131 -0.007874,
        -0.422193 0.062761 0.039370,
        -0.422193 0.062761 -0.007874,
        -0.418811 0.071850 0.039370,
        -0.418811 0.071850 -0.007874,
        -0.413386 0.079889 0.039370,
        -0.413386 0.079889 -0.007874,
        -0.413386 0.239483 -0.007874,
        -0.413386 0.239483 0.039370,
        -0.414373 0.248244 -0.007874,
        -0.414373 0.248244 0.039370,
        -0.417285 0.256565 -0.007874,
        -0.417285 0.256565 0.039370,
        -0.421975 0.264030 -0.007874,
        -0.421975 0.264030 0.039370,
        -0.428209 0.270264 -0.007874,
        -0.428209 0.270264 0.039370,
        -0.435674 0.274954 -0.007874,
        -0.435674 0.274954 0.039370,
        -0.443995 0.277866 -0.007874,
        -0.443995 0.277866 0.039370,
        -0.452756 0.278853 -0.007874,
        -0.452756 0.278853 0.039370,
        -0.590551 0.278853 -0.007874,
        -0.590551 0.278853 0.039370,
        -0.590551 -0.278853 -0.007874,
        -0.590551 -0.278853 0.039370,
        -0.452756 -0.278853 -0.007874,
        -0.452756 -0.278853 0.039370,
        -0.443995 -0.277866 -0.007874,
        -0.443995 -0.277866 0.039370,
        -0.435674 -0.274954 -0.007874,
        -0.435674 -0.274954 0.039370,
        -0.428209 -0.270264 -0.007874,
        -0.428209 -0.270264 0.039370,
        -0.421975 -0.264030 -0.007874,
        -0.421975 -0.264030 0.039370,
        -0.417285 -0.256565 -0.007874,
        -0.417285 -0.256565 0.039370,
        -0.414373 -0.248244 -0.007874,
        -0.414373 -0.248244 0.039370,
        -0.413386 -0.239483 -0.007874,
        -0.413386 -0.239483 0.039370,
        -0.118110 0.610236 -0.007874,
        -0.118110 0.610236 0.039370,
        0.118110 0.610236 -0.007874,
        0.118110 0.610236 0.039370,
        -0.118110 0.413386 -0.007874,
        -0.118110 0.413386 0.039370,
        0.118110 0.413386 -0.007874,
        0.118110 0.413386 0.039370,
      ]
    }
    coordIndex [
      0, 1, 2, -1,
      2, 1, 3, -1,
      4, 5, 0, -1,
      0, 5, 1, -1,
      6, 7, 4, -1,
      4, 7, 5, -1,
      8, 9, 6, -1,
      6, 9, 7, -1,
      10, 11, 8, -1,
      8, 11, 9, -1,
      12, 13, 10, -1,
      10, 13, 11, -1,
      13, 12, 14, -1,
      13, 14, 15, -1,
      15, 14, 16, -1,
      15, 16, 17, -1,
      17, 16, 18, -1,
      17, 18, 19, -1,
      19, 18, 20, -1,
      19, 20, 21, -1,
      21, 20, 22, -1,
      21, 22, 23, -1,
      23, 22, 24, -1,
      23, 24, 25, -1,
      25, 24, 26, -1,
      25, 26, 27, -1,
      27, 26, 28, -1,
      27, 28, 29, -1,
      29, 28, 30, -1,
      29, 30, 31, -1,
      31, 30, 32, -1,
      31, 32, 33, -1,
      33, 32, 34, -1,
      33, 34, 35, -1,
      35, 34, 36, -1,
      35, 36, 37, -1,
      37, 36, 38, -1,
      37, 38, 39, -1,
      39, 38, 40, -1,
      39, 40, 41, -1,
      41, 40, 42, -1,
      41, 42, 43, -1,
      43, 42, 44, -1,
      43, 44, 45, -1,
      45, 44, 46, -1,
      45, 46, 47, -1,
      47, 46, 48, -1,
      47, 48, 49, -1,
      49, 48, 50, -1,
      49, 50, 51, -1,
      51, 50, 52, -1,
      51, 52, 53, -1,
      53, 52, 54, -1,
      53, 54, 55, -1,
      55, 54, 56, -1,
      55, 56, 57, -1,
      57, 56, 58, -1,
      57, 58, 59, -1,
      59, 58, 60, -1,
      59, 60, 61, -1,
      61, 60, 62, -1,
      61, 62, 63, -1,
      63, 62, 64, -1,
      63, 64, 65, -1,
      65, 64, 66, -1,
      65, 66, 67, -1,
      67, 66, 68, -1,
      67, 68, 69, -1,
      69, 68, 70, -1,
      69, 70, 71, -1,
      71, 70, 72, -1,
      71, 72, 73, -1,
      73, 72, 74, -1,
      73, 74, 75, -1,
      75, 74, 76, -1,
      75, 76, 77, -1,
      77, 76, 78, -1,
      77, 78, 79, -1,
      2, 3, 78, -1,
      78, 3, 79, -1,
      7, 9, 5, -1,
      5, 9, 11, -1,
      80, 81, 15, -1,
      69, 13, 67, -1,
      67, 13, 65, -1,
      1, 5, 3, -1,
      3, 5, 11, -1,
      3, 11, 79, -1,
      79, 11, 13, -1,
      79, 13, 77, -1,
      77, 13, 75, -1,
      69, 71, 13, -1,
      13, 71, 73, -1,
      13, 73, 75, -1,
      82, 23, 83, -1,
      83, 23, 25, -1,
      83, 25, 84, -1,
      15, 81, 13, -1,
      13, 81, 85, -1,
      13, 85, 86, -1,
      87, 57, 88, -1,
      88, 57, 59, -1,
      88, 59, 89, -1,
      90, 51, 91, -1,
      91, 51, 53, -1,
      91, 53, 87, -1,
      87, 53, 55, -1,
      87, 55, 57, -1,
      15, 17, 80, -1,
      80, 17, 19, -1,
      80, 19, 82, -1,
      82, 19, 21, -1,
      82, 21, 23, -1,
      86, 92, 13, -1,
      13, 92, 93, -1,
      13, 93, 65, -1,
      65, 93, 94, -1,
      65, 94, 95, -1,
      96, 47, 90, -1,
      90, 47, 49, -1,
      90, 49, 51, -1,
      25, 27, 84, -1,
      84, 27, 29, -1,
      84, 29, 97, -1,
      97, 29, 31, -1,
      97, 31, 98, -1,
      95, 99, 65, -1,
      65, 99, 100, -1,
      65, 100, 63, -1,
      63, 100, 89, -1,
      63, 89, 61, -1,
      61, 89, 59, -1,
      101, 41, 102, -1,
      102, 41, 43, -1,
      102, 43, 96, -1,
      96, 43, 45, -1,
      96, 45, 47, -1,
      31, 33, 98, -1,
      98, 33, 35, -1,
      98, 35, 103, -1,
      103, 35, 37, -1,
      103, 37, 101, -1,
      101, 37, 39, -1,
      101, 39, 41, -1,
      4, 0, 6, -1,
      6, 0, 2, -1,
      22, 78, 24, -1,
      24, 78, 26, -1,
      22, 20, 78, -1,
      78, 20, 18, -1,
      78, 18, 16, -1,
      8, 6, 10, -1,
      10, 6, 2, -1,
      10, 2, 12, -1,
      12, 2, 78, -1,
      12, 78, 14, -1,
      14, 78, 16, -1,
      104, 105, 26, -1,
      78, 106, 107, -1,
      107, 108, 78, -1,
      78, 108, 109, -1,
      78, 109, 26, -1,
      26, 109, 110, -1,
      26, 110, 104, -1,
      111, 56, 112, -1,
      112, 56, 54, -1,
      112, 54, 113, -1,
      113, 54, 52, -1,
      113, 52, 114, -1,
      114, 52, 50, -1,
      114, 50, 115, -1,
      116, 117, 72, -1,
      105, 118, 26, -1,
      26, 118, 119, -1,
      26, 119, 28, -1,
      28, 119, 120, -1,
      28, 120, 30, -1,
      30, 120, 121, -1,
      30, 121, 32, -1,
      32, 121, 122, -1,
      32, 122, 34, -1,
      34, 122, 123, -1,
      72, 117, 74, -1,
      74, 117, 124, -1,
      74, 124, 76, -1,
      76, 124, 125, -1,
      76, 125, 78, -1,
      78, 125, 126, -1,
      78, 126, 106, -1,
      50, 48, 115, -1,
      115, 48, 46, -1,
      115, 46, 127, -1,
      127, 46, 44, -1,
      127, 44, 128, -1,
      128, 44, 42, -1,
      128, 42, 129, -1,
      129, 42, 40, -1,
      129, 40, 130, -1,
      130, 40, 38, -1,
      130, 38, 123, -1,
      123, 38, 36, -1,
      123, 36, 34, -1,
      72, 70, 116, -1,
      116, 70, 68, -1,
      116, 68, 131, -1,
      131, 68, 66, -1,
      131, 66, 132, -1,
      132, 66, 64, -1,
      132, 64, 133, -1,
      133, 64, 62, -1,
      133, 62, 134, -1,
      134, 62, 60, -1,
      134, 60, 111, -1,
      111, 60, 58, -1,
      111, 58, 56, -1,
      135, 102, 96, -1,
      135, 136, 102, -1,
      102, 136, 137, -1,
      102, 137, 101, -1,
      138, 103, 139, -1,
      139, 103, 101, -1,
      139, 101, 140, -1,
      140, 101, 137, -1,
      138, 141, 103, -1,
      103, 141, 142, -1,
      103, 142, 98, -1,
      142, 143, 98, -1,
      98, 143, 144, -1,
      98, 144, 97, -1,
      145, 84, 146, -1,
      146, 84, 97, -1,
      146, 97, 147, -1,
      147, 97, 144, -1,
      145, 148, 84, -1,
      84, 148, 149, -1,
      84, 149, 83, -1,
      149, 150, 83, -1,
      83, 150, 151, -1,
      83, 151, 82, -1,
      151, 152, 82, -1,
      82, 152, 153, -1,
      82, 153, 80, -1,
      154, 81, 155, -1,
      155, 81, 80, -1,
      155, 80, 156, -1,
      156, 80, 153, -1,
      154, 157, 81, -1,
      81, 157, 158, -1,
      81, 158, 85, -1,
      158, 159, 85, -1,
      85, 159, 160, -1,
      85, 160, 86, -1,
      161, 92, 162, -1,
      162, 92, 86, -1,
      162, 86, 163, -1,
      163, 86, 160, -1,
      161, 164, 92, -1,
      92, 164, 165, -1,
      92, 165, 93, -1,
      165, 166, 93, -1,
      93, 166, 167, -1,
      93, 167, 94, -1,
      167, 168, 94, -1,
      94, 168, 169, -1,
      94, 169, 95, -1,
      170, 99, 171, -1,
      171, 99, 95, -1,
      171, 95, 172, -1,
      172, 95, 169, -1,
      170, 173, 99, -1,
      99, 173, 174, -1,
      99, 174, 100, -1,
      174, 175, 100, -1,
      100, 175, 176, -1,
      100, 176, 89, -1,
      177, 88, 178, -1,
      178, 88, 89, -1,
      178, 89, 179, -1,
      179, 89, 176, -1,
      177, 180, 88, -1,
      88, 180, 181, -1,
      88, 181, 87, -1,
      181, 182, 87, -1,
      87, 182, 183, -1,
      87, 183, 91, -1,
      183, 184, 91, -1,
      91, 184, 185, -1,
      91, 185, 90, -1,
      185, 186, 90, -1,
      90, 186, 187, -1,
      90, 187, 96, -1,
      96, 187, 188, -1,
      96, 188, 135, -1,
      183, 182, 189, -1,
      189, 182, 190, -1,
      182, 181, 190, -1,
      190, 181, 180, -1,
      190, 180, 191, -1,
      191, 180, 177, -1,
      191, 177, 192, -1,
      177, 178, 192, -1,
      192, 178, 179, -1,
      192, 179, 193, -1,
      193, 179, 176, -1,
      193, 176, 194, -1,
      194, 176, 175, -1,
      175, 174, 194, -1,
      194, 174, 173, -1,
      194, 173, 195, -1,
      195, 173, 170, -1,
      195, 170, 196, -1,
      170, 171, 196, -1,
      196, 171, 172, -1,
      196, 172, 197, -1,
      197, 172, 169, -1,
      197, 169, 198, -1,
      198, 169, 168, -1,
      168, 167, 198, -1,
      198, 167, 166, -1,
      198, 166, 199, -1,
      166, 165, 199, -1,
      199, 165, 164, -1,
      199, 164, 200, -1,
      200, 164, 161, -1,
      200, 161, 201, -1,
      201, 161, 162, -1,
      201, 162, 202, -1,
      202, 162, 163, -1,
      163, 160, 202, -1,
      202, 160, 159, -1,
      202, 159, 203, -1,
      159, 158, 203, -1,
      203, 158, 157, -1,
      203, 157, 204, -1,
      204, 157, 154, -1,
      204, 154, 205, -1,
      154, 155, 205, -1,
      205, 155, 156, -1,
      205, 156, 206, -1,
      206, 156, 153, -1,
      206, 153, 207, -1,
      207, 153, 152, -1,
      152, 151, 207, -1,
      207, 151, 150, -1,
      207, 150, 208, -1,
      150, 149, 208, -1,
      208, 149, 148, -1,
      208, 148, 209, -1,
      209, 148, 145, -1,
      209, 145, 210, -1,
      210, 145, 146, -1,
      210, 146, 211, -1,
      211, 146, 147, -1,
      147, 144, 211, -1,
      211, 144, 143, -1,
      211, 143, 212, -1,
      143, 142, 212, -1,
      212, 142, 141, -1,
      212, 141, 213, -1,
      213, 141, 138, -1,
      213, 138, 214, -1,
      138, 139, 214, -1,
      214, 139, 140, -1,
      214, 140, 215, -1,
      215, 140, 137, -1,
      215, 137, 216, -1,
      216, 137, 136, -1,
      136, 135, 216, -1,
      216, 135, 188, -1,
      216, 188, 217, -1,
      217, 188, 187, -1,
      217, 187, 218, -1,
      218, 187, 186, -1,
      218, 186, 219, -1,
      219, 186, 185, -1,
      219, 185, 189, -1,
      189, 185, 184, -1,
      189, 184, 183, -1,
      217, 220, 216, -1,
      216, 220, 221, -1,
      216, 221, 215, -1,
      215, 221, 222, -1,
      215, 222, 214, -1,
      214, 222, 223, -1,
      214, 223, 213, -1,
      213, 223, 224, -1,
      213, 224, 212, -1,
      212, 224, 225, -1,
      212, 225, 211, -1,
      211, 225, 226, -1,
      211, 226, 210, -1,
      210, 226, 227, -1,
      210, 227, 209, -1,
      209, 227, 228, -1,
      209, 228, 208, -1,
      208, 228, 229, -1,
      208, 229, 207, -1,
      207, 229, 230, -1,
      207, 230, 206, -1,
      206, 230, 231, -1,
      206, 231, 205, -1,
      205, 231, 232, -1,
      205, 232, 204, -1,
      204, 232, 233, -1,
      204, 233, 203, -1,
      203, 233, 234, -1,
      203, 234, 202, -1,
      202, 234, 235, -1,
      202, 235, 201, -1,
      201, 235, 236, -1,
      201, 236, 200, -1,
      200, 236, 237, -1,
      200, 237, 199, -1,
      199, 237, 238, -1,
      199, 238, 198, -1,
      198, 238, 239, -1,
      198, 239, 197, -1,
      197, 239, 240, -1,
      197, 240, 196, -1,
      196, 240, 241, -1,
      196, 241, 195, -1,
      195, 241, 242, -1,
      195, 242, 194, -1,
      194, 242, 243, -1,
      194, 243, 193, -1,
      193, 243, 244, -1,
      193, 244, 192, -1,
      192, 244, 245, -1,
      192, 245, 191, -1,
      191, 245, 246, -1,
      191, 246, 190, -1,
      190, 246, 247, -1,
      190, 247, 189, -1,
      189, 247, 248, -1,
      189, 248, 219, -1,
      219, 248, 249, -1,
      219, 249, 218, -1,
      218, 249, 250, -1,
      218, 250, 217, -1,
      217, 250, 220, -1,
      250, 251, 220, -1,
      220, 251, 252, -1,
      220, 252, 221, -1,
      221, 252, 253, -1,
      221, 253, 222, -1,
      222, 253, 254, -1,
      222, 254, 223, -1,
      223, 254, 255, -1,
      223, 255, 224, -1,
      224, 255, 256, -1,
      224, 256, 225, -1,
      225, 256, 257, -1,
      225, 257, 226, -1,
      226, 257, 258, -1,
      226, 258, 227, -1,
      227, 258, 259, -1,
      227, 259, 228, -1,
      228, 259, 260, -1,
      228, 260, 229, -1,
      229, 260, 261, -1,
      229, 261, 230, -1,
      230, 261, 262, -1,
      230, 262, 231, -1,
      231, 262, 263, -1,
      231, 263, 232, -1,
      232, 263, 264, -1,
      232, 264, 233, -1,
      233, 264, 265, -1,
      233, 265, 234, -1,
      234, 265, 266, -1,
      234, 266, 235, -1,
      235, 266, 267, -1,
      235, 267, 236, -1,
      236, 267, 268, -1,
      236, 268, 237, -1,
      237, 268, 269, -1,
      237, 269, 238, -1,
      238, 269, 270, -1,
      238, 270, 239, -1,
      239, 270, 271, -1,
      239, 271, 240, -1,
      240, 271, 272, -1,
      240, 272, 241, -1,
      241, 272, 273, -1,
      241, 273, 242, -1,
      242, 273, 274, -1,
      242, 274, 243, -1,
      243, 274, 275, -1,
      243, 275, 244, -1,
      244, 275, 276, -1,
      244, 276, 245, -1,
      245, 276, 277, -1,
      245, 277, 246, -1,
      246, 277, 278, -1,
      246, 278, 247, -1,
      247, 278, 279, -1,
      247, 279, 248, -1,
      248, 279, 280, -1,
      248, 280, 249, -1,
      249, 280, 281, -1,
      249, 281, 250, -1,
      250, 281, 251, -1,
      281, 282, 251, -1,
      251, 282, 283, -1,
      251, 283, 252, -1,
      252, 283, 284, -1,
      252, 284, 253, -1,
      253, 284, 285, -1,
      253, 285, 254, -1,
      254, 285, 286, -1,
      254, 286, 255, -1,
      255, 286, 287, -1,
      255, 287, 256, -1,
      256, 287, 288, -1,
      256, 288, 257, -1,
      257, 288, 289, -1,
      257, 289, 258, -1,
      258, 289, 290, -1,
      258, 290, 259, -1,
      259, 290, 291, -1,
      259, 291, 260, -1,
      260, 291, 292, -1,
      260, 292, 261, -1,
      261, 292, 293, -1,
      261, 293, 262, -1,
      262, 293, 294, -1,
      262, 294, 263, -1,
      263, 294, 295, -1,
      263, 295, 264, -1,
      264, 295, 296, -1,
      264, 296, 265, -1,
      265, 296, 297, -1,
      265, 297, 266, -1,
      266, 297, 298, -1,
      266, 298, 267, -1,
      267, 298, 299, -1,
      267, 299, 268, -1,
      268, 299, 300, -1,
      268, 300, 269, -1,
      269, 300, 301, -1,
      269, 301, 270, -1,
      270, 301, 302, -1,
      270, 302, 271, -1,
      271, 302, 303, -1,
      271, 303, 272, -1,
      272, 303, 304, -1,
      272, 304, 273, -1,
      273, 304, 305, -1,
      273, 305, 274, -1,
      274, 305, 306, -1,
      274, 306, 275, -1,
      275, 306, 307, -1,
      275, 307, 276, -1,
      276, 307, 308, -1,
      276, 308, 277, -1,
      277, 308, 309, -1,
      277, 309, 278, -1,
      278, 309, 310, -1,
      278, 310, 279, -1,
      279, 310, 311, -1,
      279, 311, 280, -1,
      280, 311, 312, -1,
      280, 312, 281, -1,
      281, 312, 282, -1,
      312, 313, 282, -1,
      282, 313, 314, -1,
      282, 314, 283, -1,
      283, 314, 315, -1,
      283, 315, 284, -1,
      284, 315, 316, -1,
      284, 316, 285, -1,
      285, 316, 317, -1,
      285, 317, 286, -1,
      286, 317, 318, -1,
      286, 318, 287, -1,
      287, 318, 319, -1,
      287, 319, 288, -1,
      288, 319, 320, -1,
      288, 320, 289, -1,
      289, 320, 321, -1,
      289, 321, 290, -1,
      290, 321, 322, -1,
      290, 322, 291, -1,
      291, 322, 323, -1,
      291, 323, 292, -1,
      292, 323, 324, -1,
      292, 324, 293, -1,
      293, 324, 325, -1,
      293, 325, 294, -1,
      294, 325, 326, -1,
      294, 326, 295, -1,
      295, 326, 327, -1,
      295, 327, 296, -1,
      296, 327, 328, -1,
      296, 328, 297, -1,
      297, 328, 329, -1,
      297, 329, 298, -1,
      298, 329, 330, -1,
      298, 330, 299, -1,
      299, 330, 331, -1,
      299, 331, 300, -1,
      300, 331, 332, -1,
      300, 332, 301, -1,
      301, 332, 333, -1,
      301, 333, 302, -1,
      302, 333, 334, -1,
      302, 334, 303, -1,
      303, 334, 335, -1,
      303, 335, 304, -1,
      304, 335, 336, -1,
      304, 336, 305, -1,
      305, 336, 337, -1,
      305, 337, 306, -1,
      306, 337, 338, -1,
      306, 338, 307, -1,
      307, 338, 339, -1,
      307, 339, 308, -1,
      308, 339, 340, -1,
      308, 340, 309, -1,
      309, 340, 341, -1,
      309, 341, 310, -1,
      310, 341, 342, -1,
      310, 342, 311, -1,
      311, 342, 343, -1,
      311, 343, 312, -1,
      312, 343, 313, -1,
      343, 128, 313, -1,
      313, 128, 129, -1,
      313, 129, 314, -1,
      314, 129, 130, -1,
      314, 130, 315, -1,
      315, 130, 123, -1,
      315, 123, 316, -1,
      316, 123, 122, -1,
      316, 122, 317, -1,
      317, 122, 121, -1,
      317, 121, 318, -1,
      318, 121, 120, -1,
      318, 120, 319, -1,
      319, 120, 119, -1,
      319, 119, 320, -1,
      320, 119, 118, -1,
      320, 118, 321, -1,
      321, 118, 105, -1,
      321, 105, 322, -1,
      322, 105, 104, -1,
      322, 104, 323, -1,
      323, 104, 110, -1,
      323, 110, 324, -1,
      324, 110, 109, -1,
      324, 109, 325, -1,
      325, 109, 108, -1,
      325, 108, 326, -1,
      326, 108, 107, -1,
      326, 107, 327, -1,
      327, 107, 106, -1,
      327, 106, 328, -1,
      328, 106, 126, -1,
      328, 126, 329, -1,
      329, 126, 125, -1,
      329, 125, 330, -1,
      330, 125, 124, -1,
      330, 124, 331, -1,
      331, 124, 117, -1,
      331, 117, 332, -1,
      332, 117, 116, -1,
      332, 116, 333, -1,
      333, 116, 131, -1,
      333, 131, 334, -1,
      334, 131, 132, -1,
      334, 132, 335, -1,
      335, 132, 133, -1,
      335, 133, 336, -1,
      336, 133, 134, -1,
      336, 134, 337, -1,
      337, 134, 111, -1,
      337, 111, 338, -1,
      338, 111, 112, -1,
      338, 112, 339, -1,
      339, 112, 113, -1,
      339, 113, 340, -1,
      340, 113, 114, -1,
      340, 114, 341, -1,
      341, 114, 115, -1,
      341, 115, 342, -1,
      342, 115, 127, -1,
      342, 127, 343, -1,
      343, 127, 128, -1,
      344, 345, 346, -1,
      346, 345, 347, -1,
      345, 344, 348, -1,
      345, 348, 349, -1,
      349, 348, 350, -1,
      349, 350, 351, -1,
      351, 350, 352, -1,
      351, 352, 353, -1,
      353, 352, 354, -1,
      353, 354, 355, -1,
      355, 354, 356, -1,
      355, 356, 357, -1,
      357, 356, 358, -1,
      357, 358, 359, -1,
      359, 358, 360, -1,
      359, 360, 361, -1,
      362, 363, 360, -1,
      360, 363, 361, -1,
      363, 362, 364, -1,
      364, 362, 365, -1,
      364, 365, 366, -1,
      366, 365, 367, -1,
      366, 367, 368, -1,
      368, 367, 369, -1,
      368, 369, 370, -1,
      370, 369, 371, -1,
      370, 371, 372, -1,
      372, 371, 373, -1,
      372, 373, 374, -1,
      374, 373, 375, -1,
      376, 377, 375, -1,
      375, 377, 374, -1,
      377, 376, 378, -1,
      378, 376, 379, -1,
      378, 379, 380, -1,
      380, 379, 381, -1,
      380, 381, 382, -1,
      382, 381, 383, -1,
      382, 383, 384, -1,
      384, 383, 385, -1,
      384, 385, 386, -1,
      386, 385, 387, -1,
      386, 387, 388, -1,
      388, 387, 389, -1,
      390, 391, 389, -1,
      389, 391, 388, -1,
      391, 390, 392, -1,
      391, 392, 393, -1,
      393, 392, 394, -1,
      393, 394, 395, -1,
      395, 394, 396, -1,
      395, 396, 397, -1,
      397, 396, 398, -1,
      397, 398, 399, -1,
      399, 398, 400, -1,
      399, 400, 401, -1,
      401, 400, 402, -1,
      401, 402, 403, -1,
      403, 402, 404, -1,
      403, 404, 405, -1,
      406, 407, 404, -1,
      404, 407, 405, -1,
      346, 347, 406, -1,
      406, 347, 407, -1,
      407, 384, 386, -1,
      363, 364, 361, -1,
      361, 364, 347, -1,
      361, 347, 345, -1,
      372, 374, 377, -1,
      386, 388, 407, -1,
      407, 388, 391, -1,
      407, 391, 405, -1,
      405, 391, 403, -1,
      364, 366, 347, -1,
      347, 366, 368, -1,
      347, 368, 407, -1,
      407, 368, 370, -1,
      407, 370, 372, -1,
      395, 397, 399, -1,
      349, 357, 345, -1,
      345, 357, 359, -1,
      345, 359, 361, -1,
      349, 351, 357, -1,
      357, 351, 353, -1,
      357, 353, 355, -1,
      377, 378, 372, -1,
      372, 378, 380, -1,
      372, 380, 407, -1,
      407, 380, 382, -1,
      407, 382, 384, -1,
      395, 399, 393, -1,
      393, 399, 391, -1,
      391, 399, 401, -1,
      391, 401, 403, -1,
      387, 385, 406, -1,
      390, 389, 387, -1,
      365, 346, 367, -1,
      367, 346, 369, -1,
      365, 362, 346, -1,
      346, 362, 360, -1,
      346, 360, 344, -1,
      369, 346, 371, -1,
      371, 346, 406, -1,
      371, 406, 373, -1,
      387, 406, 390, -1,
      390, 406, 404, -1,
      390, 404, 402, -1,
      398, 396, 394, -1,
      376, 375, 379, -1,
      379, 375, 373, -1,
      379, 373, 381, -1,
      381, 373, 406, -1,
      381, 406, 383, -1,
      383, 406, 385, -1,
      350, 356, 352, -1,
      352, 356, 354, -1,
      360, 358, 344, -1,
      344, 358, 356, -1,
      344, 356, 348, -1,
      348, 356, 350, -1,
      402, 400, 390, -1,
      390, 400, 398, -1,
      390, 398, 392, -1,
      392, 398, 394, -1,
      408, 409, 410, -1,
      410, 409, 411, -1,
      410, 411, 412, -1,
      412, 411, 413, -1,
      412, 413, 414, -1,
      414, 413, 415, -1,
      414, 415, 416, -1,
      416, 415, 417, -1,
      416, 417, 418, -1,
      418, 417, 419, -1,
      418, 419, 420, -1,
      420, 419, 421, -1,
      422, 423, 421, -1,
      421, 423, 420, -1,
      423, 422, 424, -1,
      424, 422, 425, -1,
      424, 425, 426, -1,
      426, 425, 427, -1,
      426, 427, 428, -1,
      428, 427, 429, -1,
      428, 429, 430, -1,
      430, 429, 431, -1,
      430, 431, 432, -1,
      432, 431, 433, -1,
      432, 433, 434, -1,
      434, 433, 435, -1,
      436, 437, 435, -1,
      435, 437, 434, -1,
      437, 436, 438, -1,
      437, 438, 439, -1,
      439, 438, 440, -1,
      439, 440, 441, -1,
      441, 440, 442, -1,
      441, 442, 443, -1,
      443, 442, 444, -1,
      443, 444, 445, -1,
      445, 444, 446, -1,
      445, 446, 447, -1,
      447, 446, 448, -1,
      447, 448, 449, -1,
      449, 448, 450, -1,
      449, 450, 451, -1,
      452, 453, 450, -1,
      450, 453, 451, -1,
      454, 455, 452, -1,
      452, 455, 453, -1,
      456, 457, 454, -1,
      454, 457, 455, -1,
      457, 456, 458, -1,
      457, 458, 459, -1,
      459, 458, 460, -1,
      459, 460, 461, -1,
      461, 460, 462, -1,
      461, 462, 463, -1,
      463, 462, 464, -1,
      463, 464, 465, -1,
      465, 464, 466, -1,
      465, 466, 467, -1,
      467, 466, 468, -1,
      467, 468, 469, -1,
      469, 468, 470, -1,
      469, 470, 471, -1,
      409, 408, 470, -1,
      470, 408, 471, -1,
      410, 412, 455, -1,
      408, 410, 471, -1,
      471, 410, 455, -1,
      471, 455, 457, -1,
      428, 453, 426, -1,
      426, 453, 455, -1,
      426, 455, 424, -1,
      420, 423, 418, -1,
      418, 423, 424, -1,
      418, 424, 416, -1,
      416, 424, 455, -1,
      416, 455, 414, -1,
      414, 455, 412, -1,
      428, 430, 453, -1,
      453, 430, 432, -1,
      453, 432, 451, -1,
      451, 432, 434, -1,
      451, 434, 437, -1,
      457, 459, 471, -1,
      471, 459, 461, -1,
      471, 461, 463, -1,
      463, 465, 471, -1,
      471, 465, 467, -1,
      471, 467, 469, -1,
      437, 439, 451, -1,
      451, 439, 441, -1,
      451, 441, 443, -1,
      443, 445, 451, -1,
      451, 445, 447, -1,
      451, 447, 449, -1,
      454, 413, 411, -1,
      438, 436, 450, -1,
      411, 409, 454, -1,
      454, 409, 470, -1,
      454, 470, 456, -1,
      456, 470, 458, -1,
      435, 433, 436, -1,
      436, 433, 452, -1,
      436, 452, 450, -1,
      433, 431, 452, -1,
      452, 431, 429, -1,
      452, 429, 454, -1,
      454, 429, 427, -1,
      454, 427, 425, -1,
      425, 422, 421, -1,
      421, 419, 425, -1,
      425, 419, 417, -1,
      425, 417, 454, -1,
      454, 417, 415, -1,
      454, 415, 413, -1,
      464, 470, 466, -1,
      466, 470, 468, -1,
      464, 462, 470, -1,
      470, 462, 460, -1,
      470, 460, 458, -1,
      438, 450, 440, -1,
      440, 450, 448, -1,
      440, 448, 442, -1,
      442, 448, 446, -1,
      442, 446, 444, -1,
      472, 473, 474, -1,
      474, 473, 475, -1,
      476, 477, 472, -1,
      472, 477, 473, -1,
      478, 479, 476, -1,
      476, 479, 477, -1,
      474, 475, 478, -1,
      478, 475, 479, -1,
      477, 479, 473, -1,
      473, 479, 475, -1,
      478, 476, 474, -1,
      474, 476, 472, -1,
    ]
  }
}

Shape {
  appearance Appearance {
    material Material {
      diffuseColor 1.0000 1.0000 1.0000
      specularColor 0.3020 0.3020 0.3020
      ambientIntensity 0.2
      transparency 0.0000
      shininess 0.5
    }
  }
  geometry IndexedFaceSet {
    ccw TRUE
    solid FALSE
    coord DEF co Coordinate {
      point [
        0.114961 0.373470 0.000000,
        0.114961 0.511811 0.000000,
        0.191273 0.511811 0.000000,
        -0.511811 0.124222 0.000000,
        -0.511811 0.373470 0.000000,
        -0.511811 -0.073109 0.000000,
        -0.511811 0.013313 0.000000,
        0.114961 0.013313 0.000000,
        -0.472441 0.511811 0.000000,
        -0.511811 0.472441 0.000000,
        -0.510469 0.482631 0.000000,
        -0.506537 0.492126 0.000000,
        -0.482631 0.510469 0.000000,
        -0.500280 0.500280 0.000000,
        -0.492126 0.506537 0.000000,
        -0.510469 -0.482631 0.000000,
        -0.511811 -0.472441 0.000000,
        -0.472441 -0.511811 0.000000,
        -0.511811 -0.177536 0.000000,
        0.114961 -0.511811 0.000000,
        -0.482631 -0.510469 0.000000,
        -0.492126 -0.506537 0.000000,
        -0.506537 -0.492126 0.000000,
        -0.500280 -0.500280 0.000000,
        0.310824 -0.177536 0.000000,
        0.511811 -0.177536 0.000000,
        0.310824 -0.511811 0.000000,
        0.511811 -0.472441 0.000000,
        0.472441 -0.511811 0.000000,
        0.482631 -0.510469 0.000000,
        0.506537 -0.492126 0.000000,
        0.500280 -0.500280 0.000000,
        0.492126 -0.506537 0.000000,
        0.510469 -0.482631 0.000000,
        0.506537 0.492126 0.000000,
        0.482631 0.510469 0.000000,
        0.500280 0.500280 0.000000,
        0.492126 0.506537 0.000000,
        0.510469 0.482631 0.000000,
        0.511811 0.472441 0.000000,
        0.472441 0.511811 0.000000,
        0.310824 0.013313 0.000000,
        0.191273 0.013313 0.000000,
        0.191993 0.024836 0.000000,
        0.224386 0.114013 0.000000,
        0.221933 0.112442 0.000000,
        0.191273 0.112442 0.000000,
        0.213819 0.107245 0.000000,
        0.204507 0.097528 0.000000,
        0.197337 0.085203 0.000000,
        0.193274 0.071594 0.000000,
        0.191993 0.056952 0.000000,
        0.310104 0.024836 0.000000,
        0.310104 0.058167 0.000000,
        0.310824 0.112442 0.000000,
        0.308312 0.075090 0.000000,
        0.303517 0.088868 0.000000,
        0.294917 0.101784 0.000000,
        0.294384 0.102388 0.000000,
        0.252534 0.119900 0.000000,
        0.236727 0.118243 0.000000,
        0.191273 0.124222 0.000000,
        0.285108 0.110615 0.000000,
        0.281658 0.112442 0.000000,
        0.310824 0.124222 0.000000,
        0.274905 0.116019 0.000000,
        0.263245 0.119107 0.000000,
        0.198115 -0.084632 0.000000,
        0.191273 -0.073109 0.000000,
        0.211078 -0.084632 0.000000,
        0.310824 -0.073109 0.000000,
        0.310824 -0.101989 0.000000,
        0.310568 -0.098287 0.000000,
        0.306863 -0.084632 0.000000,
        0.291019 -0.084632 0.000000,
        0.296715 -0.097936 0.000000,
        0.209906 -0.086749 0.000000,
        0.298580 -0.112291 0.000000,
        0.297274 -0.123922 0.000000,
        0.294084 -0.132762 0.000000,
        0.288615 -0.140937 0.000000,
        0.280741 -0.148069 0.000000,
        0.249788 -0.156650 0.000000,
        0.237002 -0.155454 0.000000,
        0.226842 -0.152245 0.000000,
        0.204753 -0.125967 0.000000,
        0.203516 -0.114947 0.000000,
        0.207922 -0.134572 0.000000,
        0.212808 -0.141821 0.000000,
        0.218652 -0.147360 0.000000,
        0.205256 -0.099269 0.000000,
        0.271622 -0.152939 0.000000,
        0.258978 -0.156087 0.000000,
        0.310824 -0.121222 0.000000,
        0.311544 -0.112426 0.000000,
        0.511811 -0.073109 0.000000,
        0.202088 -0.152657 0.000000,
        0.211431 -0.161522 0.000000,
        0.191273 -0.177536 0.000000,
        0.196014 -0.143158 0.000000,
        0.290013 -0.159358 0.000000,
        0.300272 -0.148704 0.000000,
        0.306737 -0.137487 0.000000,
        0.248820 -0.172494 0.000000,
        0.265435 -0.170833 0.000000,
        0.278965 -0.166275 0.000000,
        0.310570 -0.124320 0.000000,
        0.222665 -0.167808 0.000000,
        0.235170 -0.171357 0.000000,
        0.192945 -0.097222 0.000000,
        0.191273 -0.109157 0.000000,
        0.114961 -0.073109 0.000000,
        0.190608 -0.113901 0.000000,
        0.190553 -0.117130 0.000000,
        0.114961 -0.177536 0.000000,
        0.191273 -0.124076 0.000000,
        0.192062 -0.131686 0.000000,
        -0.010190 0.103641 0.000000,
        -0.019685 0.099708 0.000000,
        -0.511811 0.112442 0.000000,
        -0.027839 0.093452 0.000000,
        -0.034096 0.085298 0.000000,
        -0.038029 0.075802 0.000000,
        -0.039370 0.065613 0.000000,
        -0.038029 0.055423 0.000000,
        0.038029 0.055423 0.000000,
        0.039370 0.065613 0.000000,
        0.114961 0.112442 0.000000,
        -0.034096 0.045928 0.000000,
        -0.027839 0.037774 0.000000,
        -0.019685 0.031517 0.000000,
        0.038029 0.075802 0.000000,
        0.034096 0.085298 0.000000,
        0.027839 0.093452 0.000000,
        0.019685 0.031517 0.000000,
        0.027839 0.037774 0.000000,
        0.034096 0.045928 0.000000,
        -0.010190 0.027584 0.000000,
        -0.000000 0.026243 0.000000,
        0.010190 0.027584 0.000000,
        0.019685 0.099708 0.000000,
        0.010190 0.103641 0.000000,
        -0.000000 0.104983 0.000000,
        0.114961 0.124222 0.000000,
        0.191273 0.373470 0.000000,
        0.191993 -0.182577 0.000000,
        0.191993 -0.243072 0.000000,
        0.204957 -0.182577 0.000000,
        0.204957 -0.227228 0.000000,
        0.310104 -0.227228 0.000000,
        0.310104 -0.243072 0.000000,
        0.191273 -0.511811 0.000000,
        0.310104 -0.001091 0.000000,
        0.191993 -0.061586 0.000000,
        0.310104 -0.061586 0.000000,
        0.297140 -0.001091 0.000000,
        0.204957 0.001790 0.000000,
        0.191993 0.001790 0.000000,
        0.245287 -0.045742 0.000000,
        0.204957 -0.045742 0.000000,
        0.245287 -0.003971 0.000000,
        0.258250 -0.003971 0.000000,
        0.258250 -0.045742 0.000000,
        0.297140 -0.045742 0.000000,
        0.191993 0.217846 0.000000,
        0.225122 0.205895 0.000000,
        0.225122 0.157102 0.000000,
        0.191993 0.145827 0.000000,
        0.191993 0.128543 0.000000,
        0.191993 0.235130 0.000000,
        0.310104 0.189038 0.000000,
        0.310824 0.511811 0.000000,
        0.310824 0.373470 0.000000,
        0.310104 0.173194 0.000000,
        0.511811 0.013313 0.000000,
        0.511811 0.112442 0.000000,
        0.511811 0.124222 0.000000,
        0.511811 0.373470 0.000000,
      ]
    }
    coordIndex [
      0, 1, 2, -1,
      3, 4, 0, -1,
      5, 6, 7, -1,
      1, 0, 8, -1,
      8, 0, 4, -1,
      8, 4, 9, -1,
      9, 10, 8, -1,
      8, 10, 11, -1,
      8, 11, 12, -1,
      12, 11, 13, -1,
      12, 13, 14, -1,
      15, 16, 17, -1,
      17, 16, 18, -1,
      17, 18, 19, -1,
      17, 20, 15, -1,
      15, 20, 21, -1,
      15, 21, 22, -1,
      22, 21, 23, -1,
      24, 25, 26, -1,
      26, 25, 27, -1,
      26, 27, 28, -1,
      28, 27, 29, -1,
      30, 31, 32, -1,
      29, 27, 32, -1,
      32, 27, 33, -1,
      32, 33, 30, -1,
      34, 35, 36, -1,
      36, 35, 37, -1,
      34, 38, 35, -1,
      35, 38, 39, -1,
      35, 39, 40, -1,
      41, 42, 43, -1,
      44, 45, 46, -1,
      46, 45, 47, -1,
      46, 47, 48, -1,
      48, 49, 46, -1,
      46, 49, 50, -1,
      46, 50, 51, -1,
      43, 52, 41, -1,
      41, 52, 53, -1,
      41, 53, 54, -1,
      54, 53, 55, -1,
      55, 56, 54, -1,
      54, 56, 57, -1,
      54, 57, 58, -1,
      59, 60, 61, -1,
      58, 62, 54, -1,
      54, 62, 63, -1,
      54, 63, 64, -1,
      64, 63, 65, -1,
      64, 65, 66, -1,
      67, 68, 69, -1,
      69, 68, 70, -1,
      70, 71, 72, -1,
      72, 73, 70, -1,
      70, 73, 74, -1,
      70, 74, 69, -1,
      69, 74, 75, -1,
      69, 75, 76, -1,
      76, 75, 77, -1,
      76, 77, 78, -1,
      78, 79, 76, -1,
      76, 79, 80, -1,
      76, 80, 81, -1,
      82, 83, 76, -1,
      76, 83, 84, -1,
      85, 86, 87, -1,
      87, 86, 88, -1,
      84, 89, 76, -1,
      76, 89, 88, -1,
      76, 88, 90, -1,
      90, 88, 86, -1,
      81, 91, 76, -1,
      76, 91, 92, -1,
      76, 92, 82, -1,
      93, 94, 95, -1,
      96, 97, 98, -1,
      96, 98, 99, -1,
      100, 101, 24, -1,
      24, 101, 102, -1,
      103, 104, 24, -1,
      24, 104, 105, -1,
      24, 105, 100, -1,
      95, 25, 93, -1,
      93, 25, 24, -1,
      93, 24, 106, -1,
      106, 24, 102, -1,
      97, 107, 98, -1,
      98, 107, 108, -1,
      98, 108, 103, -1,
      67, 109, 68, -1,
      68, 109, 110, -1,
      68, 110, 111, -1,
      110, 112, 111, -1,
      111, 112, 113, -1,
      111, 113, 114, -1,
      114, 113, 115, -1,
      114, 115, 98, -1,
      98, 115, 116, -1,
      98, 116, 99, -1,
      117, 118, 119, -1,
      119, 118, 120, -1,
      119, 120, 121, -1,
      121, 122, 119, -1,
      119, 122, 123, -1,
      119, 123, 6, -1,
      6, 123, 124, -1,
      125, 126, 127, -1,
      124, 128, 6, -1,
      6, 128, 129, -1,
      6, 129, 130, -1,
      126, 131, 127, -1,
      127, 131, 132, -1,
      127, 132, 133, -1,
      134, 135, 7, -1,
      7, 135, 136, -1,
      130, 137, 6, -1,
      6, 137, 138, -1,
      6, 138, 7, -1,
      7, 138, 139, -1,
      7, 139, 134, -1,
      133, 140, 127, -1,
      127, 140, 141, -1,
      127, 141, 142, -1,
      7, 46, 42, -1,
      42, 46, 51, -1,
      42, 51, 43, -1,
      136, 125, 7, -1,
      7, 125, 127, -1,
      7, 127, 46, -1,
      46, 127, 61, -1,
      46, 61, 44, -1,
      44, 61, 60, -1,
      119, 3, 143, -1,
      143, 3, 0, -1,
      143, 0, 144, -1,
      144, 0, 2, -1,
      98, 145, 146, -1,
      103, 24, 98, -1,
      98, 24, 147, -1,
      98, 147, 145, -1,
      148, 147, 149, -1,
      149, 147, 24, -1,
      149, 24, 150, -1,
      150, 24, 26, -1,
      150, 26, 146, -1,
      146, 26, 151, -1,
      146, 151, 98, -1,
      98, 151, 19, -1,
      98, 19, 114, -1,
      114, 19, 18, -1,
      114, 18, 111, -1,
      111, 18, 5, -1,
      152, 41, 70, -1,
      5, 7, 111, -1,
      111, 7, 42, -1,
      111, 42, 68, -1,
      68, 42, 153, -1,
      68, 153, 70, -1,
      70, 153, 154, -1,
      70, 154, 152, -1,
      152, 155, 41, -1,
      41, 155, 156, -1,
      41, 156, 42, -1,
      42, 156, 157, -1,
      42, 157, 153, -1,
      158, 159, 160, -1,
      160, 159, 156, -1,
      160, 156, 161, -1,
      161, 156, 155, -1,
      161, 155, 162, -1,
      162, 155, 163, -1,
      164, 165, 166, -1,
      167, 168, 61, -1,
      61, 168, 64, -1,
      61, 64, 59, -1,
      59, 64, 66, -1,
      166, 167, 164, -1,
      164, 167, 61, -1,
      164, 61, 169, -1,
      170, 169, 144, -1,
      144, 169, 61, -1,
      144, 61, 143, -1,
      143, 61, 127, -1,
      143, 127, 119, -1,
      119, 127, 142, -1,
      119, 142, 117, -1,
      2, 171, 144, -1,
      144, 171, 172, -1,
      144, 172, 170, -1,
      170, 172, 64, -1,
      170, 64, 173, -1,
      173, 64, 168, -1,
      94, 71, 95, -1,
      95, 71, 70, -1,
      95, 70, 174, -1,
      174, 70, 41, -1,
      174, 41, 175, -1,
      175, 41, 54, -1,
      175, 54, 176, -1,
      176, 54, 64, -1,
      176, 64, 177, -1,
      177, 64, 172, -1,
      177, 172, 39, -1,
      39, 172, 171, -1,
      39, 171, 40, -1,
    ]
  }
}

Shape {
  appearance Appearance {
    material Material {
      diffuseColor 0.9686 0.8784 0.6000
      specularColor 0.6784 0.6157 0.4196
      ambientIntensity 0.2
      transparency 0.0000
      shininess 0.5
    }
  }
  geometry IndexedFaceSet {
    ccw TRUE
    solid FALSE
    coord DEF co Coordinate {
      point [
        0.019021 0.393241 0.472441,
        0.019021 0.393241 0.242661,
        -0.000000 0.393241 0.472441,
        -0.000000 0.393241 0.242661,
        -0.019021 0.393241 0.472441,
        -0.019021 0.393241 0.242661,
        -0.053595 0.389889 0.472441,
        -0.053595 0.389889 0.242661,
        -0.056885 0.389569 0.472441,
        -0.056885 0.389569 0.242661,
        -0.094219 0.382261 0.472441,
        -0.094219 0.382261 0.242661,
        -0.106104 0.378714 0.472441,
        -0.106104 0.378714 0.242661,
        -0.130672 0.371383 0.472441,
        -0.130672 0.371383 0.242661,
        -0.156717 0.360778 0.472441,
        -0.156717 0.360778 0.242661,
        -0.165906 0.357037 0.472441,
        -0.165906 0.357037 0.242661,
        -0.199591 0.339358 0.472441,
        -0.199591 0.339358 0.242661,
        -0.204431 0.336187 0.472441,
        -0.204431 0.336187 0.242661,
        -0.231411 0.318511 0.472441,
        -0.231411 0.318511 0.242661,
        -0.248177 0.305046 0.472441,
        -0.248177 0.305046 0.242661,
        -0.261072 0.294689 0.472441,
        -0.261072 0.294689 0.242661,
        -0.287704 0.268694 0.472441,
        -0.287704 0.268694 0.242661,
        -0.288295 0.268117 0.472441,
        -0.288295 0.268117 0.242661,
        -0.312826 0.239040 0.472441,
        -0.312826 0.239040 0.242661,
        -0.321281 0.226791 0.472441,
        -0.321281 0.226791 0.242661,
        -0.334436 0.207732 0.472441,
        -0.334436 0.207732 0.242661,
        -0.349308 0.180987 0.472441,
        -0.349308 0.180987 0.242661,
        -0.352924 0.174485 0.472441,
        -0.352924 0.174485 0.242661,
        -0.368117 0.139608 0.472441,
        -0.368117 0.139608 0.242661,
        -0.370671 0.131746 0.472441,
        -0.370671 0.131746 0.242661,
        -0.379872 0.103428 0.472441,
        -0.379872 0.103428 0.242661,
        -0.385048 0.080008 0.472441,
        -0.385048 0.080008 0.242661,
        -0.388081 0.066282 0.472441,
        -0.388081 0.066282 0.242661,
        -0.392667 0.028518 0.472441,
        -0.392667 0.028518 0.242661,
        -0.392707 0.026865 0.472441,
        -0.392707 0.026865 0.242661,
        -0.393586 -0.009513 0.472441,
        -0.393586 -0.009513 0.242661,
        -0.392328 -0.026834 0.472441,
        -0.392328 -0.026834 0.242661,
        -0.390830 -0.047456 0.472441,
        -0.390830 -0.047456 0.242661,
        -0.385261 -0.080066 0.472441,
        -0.385261 -0.080066 0.242661,
        -0.384426 -0.084954 0.472441,
        -0.384426 -0.084954 0.242661,
        -0.374432 -0.121660 0.472441,
        -0.374432 -0.121660 0.242661,
        -0.370620 -0.131710 0.472441,
        -0.370620 -0.131710 0.242661,
        -0.360942 -0.157230 0.472441,
        -0.360942 -0.157230 0.242661,
        -0.349212 -0.180956 0.472441,
        -0.349212 -0.180956 0.242661,
        -0.344082 -0.191332 0.472441,
        -0.344082 -0.191332 0.242661,
        -0.324009 -0.223648 0.472441,
        -0.324009 -0.223648 0.242661,
        -0.321500 -0.226931 0.472441,
        -0.321500 -0.226931 0.242661,
        -0.300912 -0.253875 0.472441,
        -0.300912 -0.253875 0.242661,
        -0.287394 -0.268409 0.472441,
        -0.287394 -0.268409 0.242661,
        -0.275004 -0.281732 0.472441,
        -0.275004 -0.281732 0.242661,
        -0.248385 -0.305314 0.472441,
        -0.248385 -0.305314 0.242661,
        -0.246530 -0.306958 0.472441,
        -0.246530 -0.306958 0.242661,
        -0.215753 -0.329319 0.472441,
        -0.215753 -0.329319 0.242661,
        -0.204349 -0.336026 0.472441,
        -0.204349 -0.336026 0.242661,
        -0.182962 -0.348605 0.472441,
        -0.182962 -0.348605 0.242661,
        -0.156710 -0.360804 0.472441,
        -0.156710 -0.360804 0.242661,
        -0.148463 -0.364636 0.472441,
        -0.148463 -0.364636 0.242661,
        -0.112577 -0.377262 0.472441,
        -0.112577 -0.377262 0.242661,
        -0.106156 -0.378845 0.472441,
        -0.106156 -0.378845 0.242661,
        -0.075641 -0.386366 0.472441,
        -0.075641 -0.386366 0.242661,
        -0.053544 -0.389593 0.472441,
        -0.053544 -0.389593 0.242661,
        -0.037998 -0.391863 0.472441,
        -0.037998 -0.391863 0.242661,
        0.000000 -0.393701 0.472441,
        0.000000 -0.393701 0.242661,
        0.037998 -0.391863 0.472441,
        0.037998 -0.391863 0.242661,
        0.053544 -0.389593 0.472441,
        0.053544 -0.389593 0.242661,
        0.075641 -0.386366 0.472441,
        0.075641 -0.386366 0.242661,
        0.106156 -0.378845 0.472441,
        0.106156 -0.378845 0.242661,
        0.112577 -0.377262 0.472441,
        0.112577 -0.377262 0.242661,
        0.148463 -0.364636 0.472441,
        0.148463 -0.364636 0.242661,
        0.156710 -0.360804 0.472441,
        0.156710 -0.360804 0.242661,
        0.182962 -0.348605 0.472441,
        0.182962 -0.348605 0.242661,
        0.204349 -0.336026 0.472441,
        0.204349 -0.336026 0.242661,
        0.215753 -0.329319 0.472441,
        0.215753 -0.329319 0.242661,
        0.246530 -0.306958 0.472441,
        0.246530 -0.306958 0.242661,
        0.248385 -0.305314 0.472441,
        0.248385 -0.305314 0.242661,
        0.275004 -0.281732 0.472441,
        0.275004 -0.281732 0.242661,
        0.287394 -0.268409 0.472441,
        0.287394 -0.268409 0.242661,
        0.300912 -0.253875 0.472441,
        0.300912 -0.253875 0.242661,
        0.321500 -0.226931 0.472441,
        0.321500 -0.226931 0.242661,
        0.324009 -0.223648 0.472441,
        0.324009 -0.223648 0.242661,
        0.344082 -0.191332 0.472441,
        0.344082 -0.191332 0.242661,
        0.349212 -0.180956 0.472441,
        0.349212 -0.180956 0.242661,
        0.360942 -0.157230 0.472441,
        0.360942 -0.157230 0.242661,
        0.370620 -0.131710 0.472441,
        0.370620 -0.131710 0.242661,
        0.374432 -0.121660 0.472441,
        0.374432 -0.121660 0.242661,
        0.384426 -0.084954 0.472441,
        0.384426 -0.084954 0.242661,
        0.385261 -0.080066 0.472441,
        0.385261 -0.080066 0.242661,
        0.390830 -0.047456 0.472441,
        0.390830 -0.047456 0.242661,
        0.392328 -0.026834 0.472441,
        0.392328 -0.026834 0.242661,
        0.393586 -0.009513 0.472441,
        0.393586 -0.009513 0.242661,
        0.392707 0.026865 0.472441,
        0.392707 0.026865 0.242661,
        0.392667 0.028518 0.472441,
        0.392667 0.028518 0.242661,
        0.388081 0.066282 0.472441,
        0.388081 0.066282 0.242661,
        0.385048 0.080008 0.472441,
        0.385048 0.080008 0.242661,
        0.379872 0.103428 0.472441,
        0.379872 0.103428 0.242661,
        0.370671 0.131746 0.472441,
        0.370671 0.131746 0.242661,
        0.368117 0.139608 0.472441,
        0.368117 0.139608 0.242661,
        0.352924 0.174485 0.472441,
        0.352924 0.174485 0.242661,
        0.349308 0.180987 0.472441,
        0.349308 0.180987 0.242661,
        0.334436 0.207732 0.472441,
        0.334436 0.207732 0.242661,
        0.321281 0.226791 0.472441,
        0.321281 0.226791 0.242661,
        0.312826 0.239040 0.472441,
        0.312826 0.239040 0.242661,
        0.288295 0.268117 0.472441,
        0.288295 0.268117 0.242661,
        0.287704 0.268694 0.472441,
        0.287704 0.268694 0.242661,
        0.261072 0.294689 0.472441,
        0.261072 0.294689 0.242661,
        0.248177 0.305046 0.472441,
        0.248177 0.305046 0.242661,
        0.231411 0.318511 0.472441,
        0.231411 0.318511 0.242661,
        0.204431 0.336187 0.472441,
        0.204431 0.336187 0.242661,
        0.199591 0.339358 0.472441,
        0.199591 0.339358 0.242661,
        0.165906 0.357037 0.472441,
        0.165906 0.357037 0.242661,
        0.156717 0.360778 0.472441,
        0.156717 0.360778 0.242661,
        0.130672 0.371383 0.472441,
        0.130672 0.371383 0.242661,
        0.106104 0.378714 0.472441,
        0.106104 0.378714 0.242661,
        0.094219 0.382261 0.472441,
        0.094219 0.382261 0.242661,
        0.056885 0.389569 0.472441,
        0.056885 0.389569 0.242661,
        0.053595 0.389889 0.472441,
        0.053595 0.389889 0.242661,
      ]
    }
    coordIndex [
      0, 1, 2, -1,
      2, 1, 3, -1,
      2, 3, 4, -1,
      4, 3, 5, -1,
      4, 5, 6, -1,
      6, 5, 7, -1,
      6, 7, 8, -1,
      8, 7, 9, -1,
      8, 9, 10, -1,
      10, 9, 11, -1,
      10, 11, 12, -1,
      12, 11, 13, -1,
      12, 13, 14, -1,
      14, 13, 15, -1,
      14, 15, 16, -1,
      16, 15, 17, -1,
      16, 17, 18, -1,
      18, 17, 19, -1,
      18, 19, 20, -1,
      20, 19, 21, -1,
      20, 21, 22, -1,
      22, 21, 23, -1,
      22, 23, 24, -1,
      24, 23, 25, -1,
      24, 25, 26, -1,
      26, 25, 27, -1,
      26, 27, 28, -1,
      28, 27, 29, -1,
      28, 29, 30, -1,
      30, 29, 31, -1,
      30, 31, 32, -1,
      32, 31, 33, -1,
      32, 33, 34, -1,
      34, 33, 35, -1,
      34, 35, 36, -1,
      36, 35, 37, -1,
      36, 37, 38, -1,
      38, 37, 39, -1,
      38, 39, 40, -1,
      40, 39, 41, -1,
      40, 41, 42, -1,
      42, 41, 43, -1,
      42, 43, 44, -1,
      44, 43, 45, -1,
      44, 45, 46, -1,
      46, 45, 47, -1,
      46, 47, 48, -1,
      48, 47, 49, -1,
      48, 49, 50, -1,
      50, 49, 51, -1,
      50, 51, 52, -1,
      52, 51, 53, -1,
      52, 53, 54, -1,
      54, 53, 55, -1,
      54, 55, 56, -1,
      56, 55, 57, -1,
      56, 57, 58, -1,
      58, 57, 59, -1,
      58, 59, 60, -1,
      60, 59, 61, -1,
      60, 61, 62, -1,
      62, 61, 63, -1,
      62, 63, 64, -1,
      64, 63, 65, -1,
      64, 65, 66, -1,
      66, 65, 67, -1,
      66, 67, 68, -1,
      68, 67, 69, -1,
      68, 69, 70, -1,
      70, 69, 71, -1,
      70, 71, 72, -1,
      72, 71, 73, -1,
      72, 73, 74, -1,
      74, 73, 75, -1,
      74, 75, 76, -1,
      76, 75, 77, -1,
      76, 77, 78, -1,
      78, 77, 79, -1,
      78, 79, 80, -1,
      80, 79, 81, -1,
      80, 81, 82, -1,
      82, 81, 83, -1,
      82, 83, 84, -1,
      84, 83, 85, -1,
      84, 85, 86, -1,
      86, 85, 87, -1,
      86, 87, 88, -1,
      88, 87, 89, -1,
      88, 89, 90, -1,
      90, 89, 91, -1,
      90, 91, 92, -1,
      92, 91, 93, -1,
      92, 93, 94, -1,
      94, 93, 95, -1,
      94, 95, 96, -1,
      96, 95, 97, -1,
      96, 97, 98, -1,
      98, 97, 99, -1,
      98, 99, 100, -1,
      100, 99, 101, -1,
      100, 101, 102, -1,
      102, 101, 103, -1,
      102, 103, 104, -1,
      104, 103, 105, -1,
      104, 105, 106, -1,
      106, 105, 107, -1,
      106, 107, 108, -1,
      108, 107, 109, -1,
      108, 109, 110, -1,
      110, 109, 111, -1,
      110, 111, 112, -1,
      112, 111, 113, -1,
      112, 113, 114, -1,
      114, 113, 115, -1,
      114, 115, 116, -1,
      116, 115, 117, -1,
      116, 117, 118, -1,
      118, 117, 119, -1,
      118, 119, 120, -1,
      120, 119, 121, -1,
      120, 121, 122, -1,
      122, 121, 123, -1,
      122, 123, 124, -1,
      124, 123, 125, -1,
      124, 125, 126, -1,
      126, 125, 127, -1,
      126, 127, 128, -1,
      128, 127, 129, -1,
      128, 129, 130, -1,
      130, 129, 131, -1,
      130, 131, 132, -1,
      132, 131, 133, -1,
      132, 133, 134, -1,
      134, 133, 135, -1,
      134, 135, 136, -1,
      136, 135, 137, -1,
      136, 137, 138, -1,
      138, 137, 139, -1,
      138, 139, 140, -1,
      140, 139, 141, -1,
      140, 141, 142, -1,
      142, 141, 143, -1,
      142, 143, 144, -1,
      144, 143, 145, -1,
      144, 145, 146, -1,
      146, 145, 147, -1,
      146, 147, 148, -1,
      148, 147, 149, -1,
      148, 149, 150, -1,
      150, 149, 151, -1,
      150, 151, 152, -1,
      152, 151, 153, -1,
      152, 153, 154, -1,
      154, 153, 155, -1,
      154, 155, 156, -1,
      156, 155, 157, -1,
      156, 157, 158, -1,
      158, 157, 159, -1,
      158, 159, 160, -1,
      160, 159, 161, -1,
      160, 161, 162, -1,
      162, 161, 163, -1,
      162, 163, 164, -1,
      164, 163, 165, -1,
      164, 165, 166, -1,
      166, 165, 167, -1,
      166, 167, 168, -1,
      168, 167, 169, -1,
      168, 169, 170, -1,
      170, 169, 171, -1,
      170, 171, 172, -1,
      172, 171, 173, -1,
      172, 173, 174, -1,
      174, 173, 175, -1,
      174, 175, 176, -1,
      176, 175, 177, -1,
      176, 177, 178, -1,
      178, 177, 179, -1,
      178, 179, 180, -1,
      180, 179, 181, -1,
      180, 181, 182, -1,
      182, 181, 183, -1,
      182, 183, 184, -1,
      184, 183, 185, -1,
      184, 185, 186, -1,
      186, 185, 187, -1,
      186, 187, 188, -1,
      188, 187, 189, -1,
      188, 189, 190, -1,
      190, 189, 191, -1,
      190, 191, 192, -1,
      192, 191, 193, -1,
      192, 193, 194, -1,
      194, 193, 195, -1,
      194, 195, 196, -1,
      196, 195, 197, -1,
      196, 197, 198, -1,
      198, 197, 199, -1,
      198, 199, 200, -1,
      200, 199, 201, -1,
      200, 201, 202, -1,
      202, 201, 203, -1,
      202, 203, 204, -1,
      204, 203, 205, -1,
      204, 205, 206, -1,
      206, 205, 207, -1,
      206, 207, 208, -1,
      208, 207, 209, -1,
      208, 209, 210, -1,
      210, 209, 211, -1,
      210, 211, 212, -1,
      212, 211, 213, -1,
      212, 213, 214, -1,
      214, 213, 215, -1,
      214, 215, 216, -1,
      216, 215, 217, -1,
      216, 217, 218, -1,
      218, 217, 219, -1,
      218, 219, 0, -1,
      0, 219, 1, -1,
    ]
  }
}

Shape {
  appearance Appearance {
    material Material {
      diffuseColor 1.0000 1.0000 1.0000
      specularColor 0.3020 0.3020 0.3020
      ambientIntensity 0.2
      transparency 0.0000
      shininess 0.5
    }
  }
  geometry IndexedFaceSet {
    ccw TRUE
    solid FALSE
    coord DEF co Coordinate {
      point [
        -0.050426 0.350724 0.137795,
        -0.025474 0.095071 0.137795,
        -0.000000 0.098425 0.137795,
        0.098425 0.000000 0.137795,
        0.095071 -0.025474 0.137795,
        0.350724 -0.050426 0.137795,
        0.049213 -0.085239 0.137795,
        0.232037 -0.267785 0.137795,
        0.069597 -0.069597 0.137795,
        0.267785 -0.232037 0.137795,
        0.085239 -0.049213 0.137795,
        0.025474 -0.095071 0.137795,
        0.147194 -0.322311 0.137795,
        0.191566 -0.298082 0.137795,
        -0.350724 -0.050426 0.137795,
        -0.095071 -0.025474 0.137795,
        -0.098425 -0.000000 0.137795,
        0.322311 0.147194 0.137795,
        0.085239 0.049213 0.137795,
        0.095071 0.025474 0.137795,
        0.354331 0.000000 0.137795,
        0.350724 0.050426 0.137795,
        0.339978 0.099826 0.137795,
        0.000000 -0.098425 0.137795,
        0.050426 -0.350724 0.137795,
        0.099826 -0.339978 0.137795,
        0.025474 0.095071 0.137795,
        0.050426 0.350724 0.137795,
        -0.000000 0.354331 0.137795,
        0.298082 -0.191566 0.137795,
        0.322311 -0.147194 0.137795,
        0.339978 -0.099826 0.137795,
        -0.095071 0.025474 0.137795,
        -0.350724 0.050426 0.137795,
        -0.354331 -0.000000 0.137795,
        0.049213 0.085239 0.137795,
        0.147194 0.322311 0.137795,
        0.099826 0.339978 0.137795,
        0.298082 0.191566 0.137795,
        0.267785 0.232037 0.137795,
        0.069597 0.069597 0.137795,
        0.232037 0.267785 0.137795,
        0.191566 0.298082 0.137795,
        -0.025474 -0.095071 0.137795,
        -0.050426 -0.350724 0.137795,
        0.000000 -0.354331 0.137795,
        -0.049213 0.085239 0.137795,
        -0.232037 0.267785 0.137795,
        -0.069597 0.069597 0.137795,
        -0.267785 0.232037 0.137795,
        -0.085239 0.049213 0.137795,
        -0.099826 0.339978 0.137795,
        -0.147194 0.322311 0.137795,
        -0.191566 0.298082 0.137795,
        -0.049213 -0.085239 0.137795,
        -0.147194 -0.322311 0.137795,
        -0.099826 -0.339978 0.137795,
        -0.298082 0.191566 0.137795,
        -0.322311 0.147194 0.137795,
        -0.339978 0.099826 0.137795,
        -0.085239 -0.049213 0.137795,
        -0.267785 -0.232037 0.137795,
        -0.069597 -0.069597 0.137795,
        -0.232037 -0.267785 0.137795,
        -0.191566 -0.298082 0.137795,
        -0.339978 -0.099826 0.137795,
        -0.322311 -0.147194 0.137795,
        -0.298082 -0.191566 0.137795,
      ]
    }
    coordIndex [
      0, 1, 2, -1,
      3, 4, 5, -1,
      6, 7, 8, -1,
      8, 7, 9, -1,
      8, 9, 10, -1,
      11, 12, 6, -1,
      6, 12, 13, -1,
      6, 13, 7, -1,
      14, 15, 16, -1,
      17, 18, 19, -1,
      5, 20, 3, -1,
      3, 20, 21, -1,
      3, 21, 19, -1,
      19, 21, 22, -1,
      19, 22, 17, -1,
      23, 24, 11, -1,
      11, 24, 25, -1,
      11, 25, 12, -1,
      26, 27, 2, -1,
      2, 27, 28, -1,
      2, 28, 0, -1,
      9, 29, 10, -1,
      10, 29, 30, -1,
      10, 30, 4, -1,
      4, 30, 31, -1,
      4, 31, 5, -1,
      32, 33, 16, -1,
      16, 33, 34, -1,
      16, 34, 14, -1,
      35, 36, 26, -1,
      26, 36, 37, -1,
      26, 37, 27, -1,
      17, 38, 18, -1,
      18, 38, 39, -1,
      18, 39, 40, -1,
      40, 39, 41, -1,
      40, 41, 35, -1,
      35, 41, 42, -1,
      35, 42, 36, -1,
      43, 44, 23, -1,
      23, 44, 45, -1,
      23, 45, 24, -1,
      46, 47, 48, -1,
      48, 47, 49, -1,
      48, 49, 50, -1,
      0, 51, 1, -1,
      1, 51, 52, -1,
      1, 52, 46, -1,
      46, 52, 53, -1,
      46, 53, 47, -1,
      54, 55, 43, -1,
      43, 55, 56, -1,
      43, 56, 44, -1,
      49, 57, 50, -1,
      50, 57, 58, -1,
      50, 58, 32, -1,
      32, 58, 59, -1,
      32, 59, 33, -1,
      60, 61, 62, -1,
      62, 61, 63, -1,
      62, 63, 54, -1,
      54, 63, 64, -1,
      54, 64, 55, -1,
      14, 65, 15, -1,
      15, 65, 66, -1,
      15, 66, 60, -1,
      60, 66, 67, -1,
      60, 67, 61, -1,
    ]
  }
}

Shape {
  appearance Appearance {
    material Material {
      diffuseColor 0.9686 0.8784 0.6000
      specularColor 0.6784 0.6157 0.4196
      ambientIntensity 0.2
      transparency 0.0000
      shininess 0.5
    }
  }
  geometry IndexedFaceSet {
    ccw TRUE
    solid FALSE
    coord DEF co Coordinate {
      point [
        0.019021 0.393241 0.472441,
        0.019021 0.393241 0.242661,
        -0.000000 0.393241 0.472441,
        -0.000000 0.393241 0.242661,
        -0.019021 0.393241 0.472441,
        -0.019021 0.393241 0.242661,
        -0.053595 0.389889 0.472441,
        -0.053595 0.389889 0.242661,
        -0.056885 0.389569 0.472441,
        -0.056885 0.389569 0.242661,
        -0.094219 0.382261 0.472441,
        -0.094219 0.382261 0.242661,
        -0.106104 0.378714 0.472441,
        -0.106104 0.378714 0.242661,
        -0.130672 0.371383 0.472441,
        -0.130672 0.371383 0.242661,
        -0.156717 0.360778 0.472441,
        -0.156717 0.360778 0.242661,
        -0.165906 0.357037 0.472441,
        -0.165906 0.357037 0.242661,
        -0.199591 0.339358 0.472441,
        -0.199591 0.339358 0.242661,
        -0.204431 0.336187 0.472441,
        -0.204431 0.336187 0.242661,
        -0.231411 0.318511 0.472441,
        -0.231411 0.318511 0.242661,
        -0.248177 0.305046 0.472441,
        -0.248177 0.305046 0.242661,
        -0.261072 0.294689 0.472441,
        -0.261072 0.294689 0.242661,
        -0.287704 0.268694 0.472441,
        -0.287704 0.268694 0.242661,
        -0.288295 0.268117 0.472441,
        -0.288295 0.268117 0.242661,
        -0.312826 0.239040 0.472441,
        -0.312826 0.239040 0.242661,
        -0.321281 0.226791 0.472441,
        -0.321281 0.226791 0.242661,
        -0.334436 0.207732 0.472441,
        -0.334436 0.207732 0.242661,
        -0.349308 0.180987 0.472441,
        -0.349308 0.180987 0.242661,
        -0.352924 0.174485 0.472441,
        -0.352924 0.174485 0.242661,
        -0.368117 0.139608 0.472441,
        -0.368117 0.139608 0.242661,
        -0.370671 0.131746 0.472441,
        -0.370671 0.131746 0.242661,
        -0.379872 0.103428 0.472441,
        -0.379872 0.103428 0.242661,
        -0.385048 0.080008 0.472441,
        -0.385048 0.080008 0.242661,
        -0.388081 0.066282 0.472441,
        -0.388081 0.066282 0.242661,
        -0.392667 0.028518 0.472441,
        -0.392667 0.028518 0.242661,
        -0.392707 0.026865 0.472441,
        -0.392707 0.026865 0.242661,
        -0.393586 -0.009513 0.472441,
        -0.393586 -0.009513 0.242661,
        -0.392328 -0.026834 0.472441,
        -0.392328 -0.026834 0.242661,
        -0.390830 -0.047456 0.472441,
        -0.390830 -0.047456 0.242661,
        -0.385261 -0.080066 0.472441,
        -0.385261 -0.080066 0.242661,
        -0.384426 -0.084954 0.472441,
        -0.384426 -0.084954 0.242661,
        -0.374432 -0.121660 0.472441,
        -0.374432 -0.121660 0.242661,
        -0.370620 -0.131710 0.472441,
        -0.370620 -0.131710 0.242661,
        -0.360942 -0.157230 0.472441,
        -0.360942 -0.157230 0.242661,
        -0.349212 -0.180956 0.472441,
        -0.349212 -0.180956 0.242661,
        -0.344082 -0.191332 0.472441,
        -0.344082 -0.191332 0.242661,
        -0.324009 -0.223648 0.472441,
        -0.324009 -0.223648 0.242661,
        -0.321500 -0.226931 0.472441,
        -0.321500 -0.226931 0.242661,
        -0.300912 -0.253875 0.472441,
        -0.300912 -0.253875 0.242661,
        -0.287394 -0.268409 0.472441,
        -0.287394 -0.268409 0.242661,
        -0.275004 -0.281732 0.472441,
        -0.275004 -0.281732 0.242661,
        -0.248385 -0.305314 0.472441,
        -0.248385 -0.305314 0.242661,
        -0.246530 -0.306958 0.472441,
        -0.246530 -0.306958 0.242661,
        -0.215753 -0.329319 0.472441,
        -0.215753 -0.329319 0.242661,
        -0.204349 -0.336026 0.472441,
        -0.204349 -0.336026 0.242661,
        -0.182962 -0.348605 0.472441,
        -0.182962 -0.348605 0.242661,
        -0.156710 -0.360804 0.472441,
        -0.156710 -0.360804 0.242661,
        -0.148463 -0.364636 0.472441,
        -0.148463 -0.364636 0.242661,
        -0.112577 -0.377262 0.472441,
        -0.112577 -0.377262 0.242661,
        -0.106156 -0.378845 0.472441,
        -0.106156 -0.378845 0.242661,
        -0.075641 -0.386366 0.472441,
        -0.075641 -0.386366 0.242661,
        -0.053544 -0.389593 0.472441,
        -0.053544 -0.389593 0.242661,
        -0.037998 -0.391863 0.472441,
        -0.037998 -0.391863 0.242661,
        0.000000 -0.393701 0.472441,
        0.000000 -0.393701 0.242661,
        0.037998 -0.391863 0.472441,
        0.037998 -0.391863 0.242661,
        0.053544 -0.389593 0.472441,
        0.053544 -0.389593 0.242661,
        0.075641 -0.386366 0.472441,
        0.075641 -0.386366 0.242661,
        0.106156 -0.378845 0.472441,
        0.106156 -0.378845 0.242661,
        0.112577 -0.377262 0.472441,
        0.112577 -0.377262 0.242661,
        0.148463 -0.364636 0.472441,
        0.148463 -0.364636 0.242661,
        0.156710 -0.360804 0.472441,
        0.156710 -0.360804 0.242661,
        0.182962 -0.348605 0.472441,
        0.182962 -0.348605 0.242661,
        0.204349 -0.336026 0.472441,
        0.204349 -0.336026 0.242661,
        0.215753 -0.329319 0.472441,
        0.215753 -0.329319 0.242661,
        0.246530 -0.306958 0.472441,
        0.246530 -0.306958 0.242661,
        0.248385 -0.305314 0.472441,
        0.248385 -0.305314 0.242661,
        0.275004 -0.281732 0.472441,
        0.275004 -0.281732 0.242661,
        0.287394 -0.268409 0.472441,
        0.287394 -0.268409 0.242661,
        0.300912 -0.253875 0.472441,
        0.300912 -0.253875 0.242661,
        0.321500 -0.226931 0.472441,
        0.321500 -0.226931 0.242661,
        0.324009 -0.223648 0.472441,
        0.324009 -0.223648 0.242661,
        0.344082 -0.191332 0.472441,
        0.344082 -0.191332 0.242661,
        0.349212 -0.180956 0.472441,
        0.349212 -0.180956 0.242661,
        0.360942 -0.157230 0.472441,
        0.360942 -0.157230 0.242661,
        0.370620 -0.131710 0.472441,
        0.370620 -0.131710 0.242661,
        0.374432 -0.121660 0.472441,
        0.374432 -0.121660 0.242661,
        0.384426 -0.084954 0.472441,
        0.384426 -0.084954 0.242661,
        0.385261 -0.080066 0.472441,
        0.385261 -0.080066 0.242661,
        0.390830 -0.047456 0.472441,
        0.390830 -0.047456 0.242661,
        0.392328 -0.026834 0.472441,
        0.392328 -0.026834 0.242661,
        0.393586 -0.009513 0.472441,
        0.393586 -0.009513 0.242661,
        0.392707 0.026865 0.472441,
        0.392707 0.026865 0.242661,
        0.392667 0.028518 0.472441,
        0.392667 0.028518 0.242661,
        0.388081 0.066282 0.472441,
        0.388081 0.066282 0.242661,
        0.385048 0.080008 0.472441,
        0.385048 0.080008 0.242661,
        0.379872 0.103428 0.472441,
        0.379872 0.103428 0.242661,
        0.370671 0.131746 0.472441,
        0.370671 0.131746 0.242661,
        0.368117 0.139608 0.472441,
        0.368117 0.139608 0.242661,
        0.352924 0.174485 0.472441,
        0.352924 0.174485 0.242661,
        0.349308 0.180987 0.472441,
        0.349308 0.180987 0.242661,
        0.334436 0.207732 0.472441,
        0.334436 0.207732 0.242661,
        0.321281 0.226791 0.472441,
        0.321281 0.226791 0.242661,
        0.312826 0.239040 0.472441,
        0.312826 0.239040 0.242661,
        0.288295 0.268117 0.472441,
        0.288295 0.268117 0.242661,
        0.287704 0.268694 0.472441,
        0.287704 0.268694 0.242661,
        0.261072 0.294689 0.472441,
        0.261072 0.294689 0.242661,
        0.248177 0.305046 0.472441,
        0.248177 0.305046 0.242661,
        0.231411 0.318511 0.472441,
        0.231411 0.318511 0.242661,
        0.204431 0.336187 0.472441,
        0.204431 0.336187 0.242661,
        0.199591 0.339358 0.472441,
        0.199591 0.339358 0.242661,
        0.165906 0.357037 0.472441,
        0.165906 0.357037 0.242661,
        0.156717 0.360778 0.472441,
        0.156717 0.360778 0.242661,
        0.130672 0.371383 0.472441,
        0.130672 0.371383 0.242661,
        0.106104 0.378714 0.472441,
        0.106104 0.378714 0.242661,
        0.094219 0.382261 0.472441,
        0.094219 0.382261 0.242661,
        0.056885 0.389569 0.472441,
        0.056885 0.389569 0.242661,
        0.053595 0.389889 0.472441,
        0.053595 0.389889 0.242661,
        -0.050426 0.350724 0.137795,
        -0.025474 0.095071 0.137795,
        -0.000000 0.098425 0.137795,
        0.098425 0.000000 0.137795,
        0.095071 -0.025474 0.137795,
        0.350724 -0.050426 0.137795,
        0.049213 -0.085239 0.137795,
        0.232037 -0.267785 0.137795,
        0.069597 -0.069597 0.137795,
        0.267785 -0.232037 0.137795,
        0.085239 -0.049213 0.137795,
        0.025474 -0.095071 0.137795,
        0.147194 -0.322311 0.137795,
        0.191566 -0.298082 0.137795,
        -0.350724 -0.050426 0.137795,
        -0.095071 -0.025474 0.137795,
        -0.098425 -0.000000 0.137795,
        0.322311 0.147194 0.137795,
        0.085239 0.049213 0.137795,
        0.095071 0.025474 0.137795,
        0.354331 0.000000 0.137795,
        0.350724 0.050426 0.137795,
        0.339978 0.099826 0.137795,
        0.000000 -0.098425 0.137795,
        0.050426 -0.350724 0.137795,
        0.099826 -0.339978 0.137795,
        0.025474 0.095071 0.137795,
        0.050426 0.350724 0.137795,
        -0.000000 0.354331 0.137795,
        0.298082 -0.191566 0.137795,
        0.322311 -0.147194 0.137795,
        0.339978 -0.099826 0.137795,
        -0.095071 0.025474 0.137795,
        -0.350724 0.050426 0.137795,
        -0.354331 -0.000000 0.137795,
        0.049213 0.085239 0.137795,
        0.147194 0.322311 0.137795,
        0.099826 0.339978 0.137795,
        0.298082 0.191566 0.137795,
        0.267785 0.232037 0.137795,
        0.069597 0.069597 0.137795,
        0.232037 0.267785 0.137795,
        0.191566 0.298082 0.137795,
        -0.025474 -0.095071 0.137795,
        -0.050426 -0.350724 0.137795,
        0.000000 -0.354331 0.137795,
        -0.049213 0.085239 0.137795,
        -0.232037 0.267785 0.137795,
        -0.069597 0.069597 0.137795,
        -0.267785 0.232037 0.137795,
        -0.085239 0.049213 0.137795,
        -0.099826 0.339978 0.137795,
        -0.147194 0.322311 0.137795,
        -0.191566 0.298082 0.137795,
        -0.049213 -0.085239 0.137795,
        -0.147194 -0.322311 0.137795,
        -0.099826 -0.339978 0.137795,
        -0.298082 0.191566 0.137795,
        -0.322311 0.147194 0.137795,
        -0.339978 0.099826 0.137795,
        -0.085239 -0.049213 0.137795,
        -0.267785 -0.232037 0.137795,
        -0.069597 -0.069597 0.137795,
        -0.232037 -0.267785 0.137795,
        -0.191566 -0.298082 0.137795,
        -0.339978 -0.099826 0.137795,
        -0.322311 -0.147194 0.137795,
        -0.298082 -0.191566 0.137795,
        -0.009356 0.097980 0.452756,
        -0.049032 0.084957 0.452756,
        -0.045101 0.087484 0.452756,
        -0.027730 0.094438 0.452756,
        -0.025437 0.094880 0.452756,
        -0.060843 0.077367 0.452756,
        -0.069309 0.069295 0.452756,
        -0.074385 0.064455 0.452756,
        -0.085239 0.049213 0.452756,
        -0.093012 0.032192 0.452756,
        -0.094665 0.025376 0.452756,
        -0.097423 0.014007 0.452756,
        -0.098091 -0.000016 0.452756,
        -0.098314 -0.004683 0.452756,
        -0.095651 -0.023205 0.452756,
        -0.089531 -0.040887 0.452756,
        -0.094887 -0.025411 0.452756,
        -0.080175 -0.057092 0.452756,
        -0.084853 -0.048990 0.452756,
        -0.049059 -0.084942 0.452756,
        -0.053213 -0.082800 0.452756,
        -0.067921 -0.071234 0.452756,
        -0.069450 -0.069470 0.452756,
        -0.036581 -0.091375 0.452756,
        -0.025357 -0.094670 0.452756,
        -0.018627 -0.096646 0.452756,
        0.000000 -0.098425 0.452756,
        0.018627 -0.096646 0.452756,
        0.025357 -0.094670 0.452756,
        0.036581 -0.091375 0.452756,
        0.049059 -0.084942 0.452756,
        0.053213 -0.082800 0.452756,
        0.067921 -0.071234 0.452756,
        0.080175 -0.057092 0.452756,
        0.069450 -0.069470 0.452756,
        0.089531 -0.040887 0.452756,
        0.084853 -0.048990 0.452756,
        0.098091 -0.000016 0.452756,
        0.098314 -0.004683 0.452756,
        0.095651 -0.023205 0.452756,
        0.094887 -0.025411 0.452756,
        0.097423 0.014007 0.452756,
        0.094665 0.025376 0.452756,
        0.093012 0.032192 0.452756,
        0.085239 0.049213 0.452756,
        0.074385 0.064455 0.452756,
        0.069309 0.069295 0.452756,
        0.060843 0.077367 0.452756,
        0.049032 0.084957 0.452756,
        0.045101 0.087484 0.452756,
        0.027730 0.094438 0.452756,
        -0.000000 0.097980 0.452756,
        0.009356 0.097980 0.452756,
        0.025437 0.094880 0.452756,
        -0.021948 -0.054825 0.492126,
        -0.011176 -0.057988 0.492126,
        0.000000 0.000000 0.492126,
        0.000000 -0.059055 0.492126,
        0.011176 -0.057988 0.492126,
        -0.048105 -0.034256 0.492126,
        -0.040753 -0.042740 0.492126,
        -0.031928 -0.049680 0.492126,
        -0.058988 -0.002810 0.492126,
        -0.057391 -0.013923 0.492126,
        -0.053719 -0.024532 0.492126,
        -0.051143 0.029528 0.492126,
        -0.055807 0.019315 0.492126,
        -0.058454 0.008404 0.492126,
        -0.027061 0.052490 0.492126,
        -0.036506 0.046420 0.492126,
        -0.044631 0.038673 0.492126,
        0.005613 0.058788 0.492126,
        -0.005613 0.058788 0.492126,
        -0.016638 0.056663 0.492126,
        0.036506 0.046420 0.492126,
        0.027061 0.052490 0.492126,
        0.016638 0.056663 0.492126,
        0.055807 0.019315 0.492126,
        0.051143 0.029528 0.492126,
        0.044631 0.038673 0.492126,
        0.057391 -0.013923 0.492126,
        0.058988 -0.002810 0.492126,
        0.058454 0.008404 0.492126,
        0.040753 -0.042740 0.492126,
        0.048105 -0.034256 0.492126,
        0.053719 -0.024532 0.492126,
        0.021948 -0.054825 0.492126,
        0.031928 -0.049680 0.492126,
        0.050415 0.350613 0.472441,
        0.017662 0.353890 0.472441,
        0.052810 0.350373 0.472441,
        0.087434 0.343374 0.472441,
        0.121188 0.332962 0.472441,
        0.099706 0.339588 0.472441,
        0.191391 0.297826 0.472441,
        0.184761 0.302347 0.472441,
        0.153738 0.319241 0.472441,
        0.147083 0.322046 0.472441,
        0.213946 0.282448 0.472441,
        0.231783 0.267482 0.472441,
        0.241006 0.259743 0.472441,
        0.265670 0.234456 0.472441,
        0.287694 0.206838 0.472441,
        0.267672 0.231946 0.472441,
        0.306859 0.177165 0.472441,
        0.297713 0.191327 0.472441,
        0.339576 0.099713 0.472441,
        0.335880 0.112850 0.472441,
        0.322974 0.145731 0.472441,
        0.322243 0.147159 0.472441,
        0.345447 0.078846 0.472441,
        0.350466 0.050381 0.472441,
        0.351581 0.044059 0.472441,
        0.354220 0.008834 0.472441,
        0.353340 -0.026479 0.472441,
        0.354000 0.000008 0.472441,
        0.339809 -0.099770 0.472441,
        0.341087 -0.095967 0.472441,
        0.348948 -0.061529 0.472441,
        0.350345 -0.050379 0.472441,
        0.329837 -0.129452 0.472441,
        0.321912 -0.147015 0.472441,
        0.315309 -0.161650 0.472441,
        0.298048 -0.191546 0.472441,
        0.297647 -0.192241 0.472441,
        0.277027 -0.220922 0.472441,
        0.253654 -0.247407 0.472441,
        0.267466 -0.231756 0.472441,
        0.191383 -0.297784 0.472441,
        0.199602 -0.292762 0.472441,
        0.227759 -0.271433 0.472441,
        0.231877 -0.267613 0.472441,
        0.169460 -0.311181 0.472441,
        0.147035 -0.321980 0.472441,
        0.137634 -0.326507 0.472441,
        0.104441 -0.338589 0.472441,
        0.070209 -0.347305 0.472441,
        0.099775 -0.339777 0.472441,
        0.035280 -0.352570 0.472441,
        0.050362 -0.350297 0.472441,
        -0.035280 -0.352570 0.472441,
        0.000000 -0.354331 0.472441,
        -0.070209 -0.347305 0.472441,
        -0.050362 -0.350297 0.472441,
        -0.147035 -0.321980 0.472441,
        -0.137634 -0.326507 0.472441,
        -0.104441 -0.338589 0.472441,
        -0.099775 -0.339777 0.472441,
        -0.169460 -0.311181 0.472441,
        -0.191383 -0.297784 0.472441,
        -0.199602 -0.292762 0.472441,
        -0.227759 -0.271433 0.472441,
        -0.277027 -0.220922 0.472441,
        -0.267466 -0.231756 0.472441,
        -0.253654 -0.247407 0.472441,
        -0.231877 -0.267613 0.472441,
        -0.315309 -0.161650 0.472441,
        -0.298048 -0.191546 0.472441,
        -0.297647 -0.192241 0.472441,
        -0.329837 -0.129452 0.472441,
        -0.321912 -0.147015 0.472441,
        -0.350345 -0.050379 0.472441,
        -0.348948 -0.061529 0.472441,
        -0.341087 -0.095967 0.472441,
        -0.339809 -0.099770 0.472441,
        -0.353340 -0.026479 0.472441,
        -0.354000 0.000008 0.472441,
        -0.354220 0.008834 0.472441,
        -0.351581 0.044059 0.472441,
        -0.345447 0.078846 0.472441,
        -0.350466 0.050381 0.472441,
        -0.322974 0.145731 0.472441,
        -0.335880 0.112850 0.472441,
        -0.339576 0.099713 0.472441,
        -0.322243 0.147159 0.472441,
        -0.306859 0.177165 0.472441,
        -0.297713 0.191327 0.472441,
        -0.287694 0.206838 0.472441,
        -0.267672 0.231946 0.472441,
        -0.265670 0.234456 0.472441,
        -0.241006 0.259743 0.472441,
        -0.213946 0.282448 0.472441,
        -0.231783 0.267482 0.472441,
        -0.147083 0.322046 0.472441,
        -0.153738 0.319241 0.472441,
        -0.184761 0.302347 0.472441,
        -0.191391 0.297826 0.472441,
        -0.121188 0.332962 0.472441,
        -0.099706 0.339588 0.472441,
        -0.087434 0.343374 0.472441,
        -0.052810 0.350373 0.472441,
        -0.000000 0.353890 0.472441,
        -0.017662 0.353890 0.472441,
        -0.050415 0.350613 0.472441,
        0.036095 -0.372214 0.492126,
        0.037240 -0.372157 0.492126,
        0.036733 -0.367088 0.491455,
        0.173709 -0.330956 0.492126,
        0.178874 -0.328469 0.492126,
        0.176438 -0.323994 0.491455,
        0.204819 -0.312614 0.492126,
        0.210691 -0.309026 0.492126,
        0.207820 -0.304817 0.491455,
        0.234013 -0.291360 0.492126,
        0.240413 -0.286513 0.492126,
        0.237138 -0.282610 0.491455,
        0.261020 -0.267392 0.492126,
        0.267745 -0.261152 0.492126,
        0.264098 -0.257594 0.491455,
        0.285587 -0.240935 0.492126,
        0.292417 -0.233195 0.492126,
        0.288434 -0.230019 0.491455,
        0.307487 -0.212234 0.492126,
        0.314183 -0.202921 0.492126,
        0.309903 -0.200157 0.491455,
        0.326517 -0.181557 0.492126,
        0.332826 -0.170630 0.492126,
        0.328292 -0.168306 0.491455,
        0.342500 -0.149191 0.492126,
        0.348161 -0.136643 0.492126,
        0.343419 -0.134782 0.491455,
        0.355287 -0.115435 0.492126,
        0.360037 -0.101298 0.492126,
        0.355132 -0.099919 0.491455,
        0.364760 -0.080605 0.492126,
        0.368333 -0.064947 0.492126,
        0.363316 -0.064063 0.491455,
        0.370830 -0.045025 0.492126,
        0.372970 -0.027950 0.492126,
        0.367889 -0.027570 0.491455,
        0.373442 -0.009026 0.492126,
        0.373900 0.009324 0.492126,
        0.368806 0.009198 0.491455,
        0.372570 0.027057 0.492126,
        0.371113 0.046507 0.492126,
        0.366058 0.045873 0.491455,
        0.368224 0.062888 0.492126,
        0.364638 0.083226 0.492126,
        0.359671 0.082093 0.491455,
        0.360444 0.098134 0.492126,
        0.354540 0.119119 0.492126,
        0.349710 0.117496 0.491455,
        0.349301 0.132467 0.492126,
        0.340918 0.153828 0.492126,
        0.336274 0.151732 0.491455,
        0.334900 0.165567 0.492126,
        0.323907 0.187008 0.492126,
        0.319495 0.184461 0.491455,
        0.317373 0.197125 0.492126,
        0.303678 0.218329 0.492126,
        0.299541 0.215355 0.491455,
        0.296884 0.226848 0.492126,
        0.280430 0.247481 0.492126,
        0.276610 0.244110 0.491455,
        0.273623 0.254460 0.492126,
        0.254395 0.274173 0.492126,
        0.250930 0.270438 0.491455,
        0.247806 0.279702 0.492126,
        0.225832 0.298140 0.492126,
        0.222756 0.294079 0.491455,
        0.219673 0.302339 0.492126,
        0.195025 0.319144 0.492126,
        0.192369 0.314797 0.491455,
        0.189486 0.322161 0.492126,
        0.162280 0.336976 0.492126,
        0.160069 0.332386 0.491455,
        0.157524 0.338981 0.492126,
        0.127921 0.351460 0.492126,
        0.126178 0.346672 0.491455,
        0.124086 0.352643 0.492126,
        0.092291 0.362450 0.492126,
        0.091034 0.357513 0.491455,
        0.089481 0.363018 0.492126,
        0.055744 0.369838 0.492126,
        0.054985 0.364800 0.491455,
        -0.018070 0.373551 0.492126,
        -0.018643 0.373551 0.492126,
        -0.018389 0.368462 0.491455,
        -0.054033 0.370009 0.492126,
        -0.055744 0.369838 0.492126,
        -0.054985 0.364800 0.491455,
        -0.189486 0.322161 0.492126,
        -0.195025 0.319144 0.492126,
        -0.192369 0.314797 0.491455,
        -0.219673 0.302339 0.492126,
        -0.225832 0.298140 0.492126,
        -0.222756 0.294079 0.491455,
        -0.247806 0.279702 0.492126,
        -0.254395 0.274173 0.492126,
        -0.250930 0.270438 0.491455,
        -0.273623 0.254460 0.492126,
        -0.280430 0.247481 0.492126,
        -0.276610 0.244110 0.491455,
        -0.296884 0.226848 0.492126,
        -0.303678 0.218329 0.492126,
        -0.299541 0.215355 0.491455,
        -0.317373 0.197125 0.492126,
        -0.323907 0.187008 0.492126,
        -0.319495 0.184461 0.491455,
        -0.334900 0.165567 0.492126,
        -0.340918 0.153828 0.492126,
        -0.336274 0.151732 0.491455,
        -0.349301 0.132467 0.492126,
        -0.354540 0.119119 0.492126,
        -0.349710 0.117496 0.491455,
        -0.360444 0.098134 0.492126,
        -0.364638 0.083226 0.492126,
        -0.359671 0.082093 0.491455,
        -0.368224 0.062888 0.492126,
        -0.371113 0.046507 0.492126,
        -0.366058 0.045873 0.491455,
        -0.372570 0.027057 0.492126,
        -0.373900 0.009324 0.492126,
        -0.368806 0.009198 0.491455,
        -0.373442 -0.009026 0.492126,
        -0.372970 -0.027950 0.492126,
        -0.367889 -0.027570 0.491455,
        -0.370830 -0.045025 0.492126,
        -0.368333 -0.064947 0.492126,
        -0.363316 -0.064063 0.491455,
        -0.364760 -0.080605 0.492126,
        -0.360037 -0.101298 0.492126,
        -0.355132 -0.099919 0.491455,
        -0.355287 -0.115435 0.492126,
        -0.348161 -0.136643 0.492126,
        -0.343419 -0.134782 0.491455,
        -0.342500 -0.149191 0.492126,
        -0.332826 -0.170630 0.492126,
        -0.328292 -0.168306 0.491455,
        -0.326517 -0.181557 0.492126,
        -0.314183 -0.202921 0.492126,
        -0.309903 -0.200157 0.491455,
        -0.307487 -0.212234 0.492126,
        -0.292417 -0.233195 0.492126,
        -0.288434 -0.230019 0.491455,
        -0.285587 -0.240935 0.492126,
        -0.267745 -0.261152 0.492126,
        -0.264098 -0.257594 0.491455,
        -0.261020 -0.267392 0.492126,
        -0.240413 -0.286513 0.492126,
        -0.237138 -0.282610 0.491455,
        -0.234013 -0.291360 0.492126,
        -0.210691 -0.309026 0.492126,
        -0.207820 -0.304817 0.491455,
        -0.204819 -0.312614 0.492126,
        -0.178874 -0.328469 0.492126,
        -0.176438 -0.323994 0.491455,
        -0.173709 -0.330956 0.492126,
        -0.145281 -0.344646 0.492126,
        -0.143302 -0.339952 0.491455,
        -0.140971 -0.346215 0.492126,
        -0.110243 -0.357399 0.492126,
        -0.108741 -0.352531 0.491455,
        -0.106910 -0.358248 0.492126,
        -0.074110 -0.366600 0.492126,
        -0.073100 -0.361606 0.491455,
        -0.071843 -0.366942 0.492126,
        -0.037240 -0.372157 0.492126,
        -0.036733 -0.367088 0.491455,
        -0.036095 -0.372214 0.492126,
        0.000000 -0.374016 0.492126,
        0.000000 -0.368921 0.491455,
        0.299862 -0.193672 0.482283,
        0.298211 -0.192605 0.477536,
        0.277551 -0.221340 0.477536,
        -0.309143 0.178484 0.482283,
        -0.307440 0.177501 0.477536,
        -0.288239 0.207230 0.477536,
        0.035347 -0.353237 0.477536,
        0.169781 -0.311770 0.477536,
        0.254134 -0.247875 0.477536,
        0.315906 -0.161956 0.477536,
        0.330461 -0.129696 0.477536,
        0.349608 -0.061645 0.477536,
        0.352246 0.044142 0.477536,
        0.323586 0.146007 0.477536,
        0.307440 0.177501 0.477536,
        0.288239 0.207230 0.477536,
        0.241462 0.260235 0.477536,
        0.154030 0.319845 0.477536,
        0.052910 0.351036 0.477536,
        0.017695 0.354560 0.477536,
        -0.017695 0.354560 0.477536,
        -0.087599 0.344024 0.477536,
        -0.214352 0.282983 0.477536,
        -0.336516 0.113063 0.477536,
        -0.354891 0.008850 0.477536,
        -0.341733 -0.096149 0.477536,
        -0.315906 -0.161956 0.477536,
        -0.277551 -0.221340 0.477536,
        -0.199980 -0.293316 0.477536,
        -0.104639 -0.339230 0.477536,
        -0.266173 0.234900 0.477536,
        -0.241462 0.260235 0.477536,
        -0.185110 0.302920 0.477536,
        -0.154030 0.319845 0.477536,
        0.228191 -0.271947 0.477536,
        0.199980 -0.293316 0.477536,
        0.137895 -0.327126 0.477536,
        -0.323586 0.146007 0.477536,
        -0.325378 0.146816 0.482283,
        -0.328230 0.148103 0.486360,
        0.317656 -0.162853 0.482283,
        0.320440 -0.164280 0.486360,
        -0.338380 0.113689 0.482283,
        -0.341345 0.114686 0.486360,
        -0.345210 0.115984 0.489489,
        0.332292 -0.130415 0.482283,
        0.335204 -0.131558 0.486360,
        0.338999 -0.133047 0.489489,
        -0.346101 0.078995 0.477536,
        -0.348018 0.079433 0.482283,
        -0.351068 0.080129 0.486360,
        -0.355043 0.081036 0.489489,
        0.341733 -0.096149 0.477536,
        0.343626 -0.096681 0.482283,
        0.346637 -0.097529 0.486360,
        0.350562 -0.098633 0.489489,
        -0.124555 0.342211 0.489489,
        -0.126178 0.346672 0.491455,
        -0.160069 0.332386 0.491455,
        0.107342 -0.347994 0.489489,
        0.108741 -0.352531 0.491455,
        0.143302 -0.339952 0.491455,
        -0.036260 -0.362363 0.489489,
        0.000000 -0.364173 0.489489,
        -0.035854 -0.358307 0.486360,
        0.000000 -0.360096 0.486360,
        -0.035543 -0.355194 0.482283,
        0.000000 -0.356968 0.482283,
        -0.035347 -0.353237 0.477536,
        0.000000 -0.355002 0.477536,
        -0.072159 -0.356953 0.489489,
        -0.071352 -0.352957 0.486360,
        -0.070732 -0.349890 0.482283,
        -0.070342 -0.347963 0.477536,
        -0.107342 -0.347994 0.489489,
        -0.106140 -0.344098 0.486360,
        -0.105218 -0.341109 0.482283,
        -0.141457 -0.335577 0.489489,
        -0.139874 -0.331820 0.486360,
        -0.138659 -0.328937 0.482283,
        -0.137895 -0.327126 0.477536,
        -0.174167 -0.319825 0.489489,
        -0.172217 -0.316244 0.486360,
        -0.170721 -0.313497 0.482283,
        -0.169781 -0.311770 0.477536,
        -0.205146 -0.300894 0.489489,
        -0.202850 -0.297526 0.486360,
        -0.201087 -0.294941 0.482283,
        -0.234086 -0.278973 0.489489,
        -0.231465 -0.275850 0.486360,
        -0.229455 -0.273454 0.482283,
        -0.228191 -0.271947 0.477536,
        -0.260700 -0.254279 0.489489,
        -0.257781 -0.251433 0.486360,
        -0.255542 -0.249248 0.482283,
        -0.254134 -0.247875 0.477536,
        -0.284722 -0.227058 0.489489,
        -0.281535 -0.224517 0.486360,
        -0.279089 -0.222566 0.482283,
        -0.305915 -0.197581 0.489489,
        -0.302490 -0.195369 0.486360,
        -0.299862 -0.193672 0.482283,
        -0.298211 -0.192605 0.477536,
        -0.324067 -0.166140 0.489489,
        -0.320440 -0.164280 0.486360,
        -0.317656 -0.162853 0.482283,
        -0.338999 -0.133047 0.489489,
        -0.335204 -0.131558 0.486360,
        -0.332292 -0.130415 0.482283,
        -0.330461 -0.129696 0.477536,
        -0.350562 -0.098633 0.489489,
        -0.346637 -0.097529 0.486360,
        -0.343626 -0.096681 0.482283,
        -0.358641 -0.063238 0.489489,
        -0.354626 -0.062530 0.486360,
        -0.351545 -0.061987 0.482283,
        -0.349608 -0.061645 0.477536,
        -0.363155 -0.027215 0.489489,
        -0.359089 -0.026910 0.486360,
        -0.355970 -0.026676 0.482283,
        -0.354009 -0.026529 0.477536,
        -0.364060 0.009079 0.489489,
        -0.359984 0.008978 0.486360,
        -0.356857 0.008900 0.482283,
        -0.352246 0.044142 0.477536,
        -0.354198 0.044387 0.482283,
        -0.357302 0.044776 0.486360,
        -0.361347 0.045283 0.489489,
        -0.289836 0.208378 0.482283,
        -0.311852 0.180048 0.486360,
        -0.331946 0.149780 0.489489,
        -0.267648 0.236201 0.482283,
        -0.292376 0.210204 0.486360,
        -0.315383 0.182087 0.489489,
        -0.242800 0.261676 0.482283,
        -0.269993 0.238270 0.486360,
        -0.295686 0.212584 0.489489,
        -0.215539 0.284551 0.482283,
        -0.244928 0.263969 0.486360,
        -0.273050 0.240968 0.489489,
        -0.186136 0.304598 0.482283,
        -0.217428 0.287044 0.486360,
        -0.247701 0.266958 0.489489,
        -0.121418 0.333592 0.477536,
        -0.154883 0.321617 0.482283,
        -0.187767 0.307267 0.486360,
        -0.219889 0.290294 0.489489,
        -0.122090 0.335440 0.482283,
        -0.156240 0.324435 0.486360,
        -0.189893 0.310746 0.489489,
        -0.123160 0.338380 0.486360,
        -0.158009 0.328109 0.489489,
        -0.162280 0.336976 0.492126,
        -0.089481 0.363018 0.492126,
        -0.092291 0.362450 0.492126,
        -0.091034 0.357513 0.491455,
        -0.089863 0.352912 0.489489,
        -0.088856 0.348961 0.486360,
        -0.088085 0.345930 0.482283,
        -0.124086 0.352643 0.492126,
        -0.127921 0.351460 0.492126,
        -0.157524 0.338981 0.492126,
        -0.054277 0.360106 0.489489,
        -0.053670 0.356074 0.486360,
        -0.053203 0.352981 0.482283,
        -0.052910 0.351036 0.477536,
        -0.018152 0.363720 0.489489,
        -0.017949 0.359649 0.486360,
        -0.017793 0.356524 0.482283,
        0.054033 0.370009 0.492126,
        0.018643 0.373551 0.492126,
        0.018389 0.368462 0.491455,
        0.018070 0.373551 0.492126,
        0.018152 0.363720 0.489489,
        0.017949 0.359649 0.486360,
        0.017793 0.356524 0.482283,
        0.054277 0.360106 0.489489,
        0.053670 0.356074 0.486360,
        0.053203 0.352981 0.482283,
        0.089863 0.352912 0.489489,
        0.088856 0.348961 0.486360,
        0.088085 0.345930 0.482283,
        0.087599 0.344024 0.477536,
        0.124555 0.342211 0.489489,
        0.123160 0.338380 0.486360,
        0.122090 0.335440 0.482283,
        0.121418 0.333592 0.477536,
        0.158009 0.328109 0.489489,
        0.156240 0.324435 0.486360,
        0.154883 0.321617 0.482283,
        0.189893 0.310746 0.489489,
        0.187767 0.307267 0.486360,
        0.186136 0.304598 0.482283,
        0.185110 0.302920 0.477536,
        0.219889 0.290294 0.489489,
        0.217428 0.287044 0.486360,
        0.215539 0.284551 0.482283,
        0.214352 0.282983 0.477536,
        0.247701 0.266958 0.489489,
        0.244928 0.263969 0.486360,
        0.242800 0.261676 0.482283,
        0.273050 0.240968 0.489489,
        0.269993 0.238270 0.486360,
        0.267648 0.236201 0.482283,
        0.266173 0.234900 0.477536,
        0.295686 0.212584 0.489489,
        0.292376 0.210204 0.486360,
        0.289836 0.208378 0.482283,
        0.315383 0.182087 0.489489,
        0.311852 0.180048 0.486360,
        0.309143 0.178484 0.482283,
        0.331946 0.149780 0.489489,
        0.328230 0.148103 0.486360,
        0.325378 0.146816 0.482283,
        0.345210 0.115984 0.489489,
        0.341345 0.114686 0.486360,
        0.338380 0.113689 0.482283,
        0.336516 0.113063 0.477536,
        0.355043 0.081036 0.489489,
        0.351068 0.080129 0.486360,
        0.348018 0.079433 0.482283,
        0.346101 0.078995 0.477536,
        0.361347 0.045283 0.489489,
        0.357302 0.044776 0.486360,
        0.354198 0.044387 0.482283,
        0.364060 0.009079 0.489489,
        0.359984 0.008978 0.486360,
        0.356857 0.008900 0.482283,
        0.354891 0.008850 0.477536,
        0.354009 -0.026529 0.477536,
        0.355970 -0.026676 0.482283,
        0.359089 -0.026910 0.486360,
        0.363155 -0.027215 0.489489,
        0.351545 -0.061987 0.482283,
        0.354626 -0.062530 0.486360,
        0.358641 -0.063238 0.489489,
        0.279089 -0.222566 0.482283,
        0.302490 -0.195369 0.486360,
        0.324067 -0.166140 0.489489,
        0.255542 -0.249248 0.482283,
        0.281535 -0.224517 0.486360,
        0.305915 -0.197581 0.489489,
        0.229455 -0.273454 0.482283,
        0.257781 -0.251433 0.486360,
        0.284722 -0.227058 0.489489,
        0.201087 -0.294941 0.482283,
        0.231465 -0.275850 0.486360,
        0.260700 -0.254279 0.489489,
        0.170721 -0.313497 0.482283,
        0.202850 -0.297526 0.486360,
        0.234086 -0.278973 0.489489,
        0.104639 -0.339230 0.477536,
        0.138659 -0.328937 0.482283,
        0.172217 -0.316244 0.486360,
        0.205146 -0.300894 0.489489,
        0.105218 -0.341109 0.482283,
        0.139874 -0.331820 0.486360,
        0.174167 -0.319825 0.489489,
        0.106140 -0.344098 0.486360,
        0.141457 -0.335577 0.489489,
        0.145281 -0.344646 0.492126,
        0.071843 -0.366942 0.492126,
        0.074110 -0.366600 0.492126,
        0.073100 -0.361606 0.491455,
        0.072159 -0.356953 0.489489,
        0.071352 -0.352957 0.486360,
        0.070732 -0.349890 0.482283,
        0.070342 -0.347963 0.477536,
        0.106910 -0.358248 0.492126,
        0.110243 -0.357399 0.492126,
        0.140971 -0.346215 0.492126,
        0.036260 -0.362363 0.489489,
        0.035854 -0.358307 0.486360,
        0.035543 -0.355194 0.482283,
        0.075511 -0.385708 0.477536,
        0.182650 -0.348011 0.477536,
        0.274536 -0.281252 0.477536,
        0.300399 -0.253443 0.477536,
        0.360327 -0.156962 0.477536,
        0.390165 -0.047374 0.477536,
        0.392915 -0.009497 0.477536,
        0.391998 0.028469 0.477536,
        0.379225 0.103252 0.477536,
        0.333867 0.207378 0.477536,
        0.260627 0.294187 0.477536,
        0.231017 0.317968 0.477536,
        0.130450 0.370750 0.477536,
        0.018989 0.392571 0.477536,
        -0.018989 0.392571 0.477536,
        -0.130450 0.370750 0.477536,
        -0.231017 0.317968 0.477536,
        -0.260627 0.294187 0.477536,
        -0.287804 0.267660 0.477536,
        -0.333867 0.207378 0.477536,
        -0.379225 0.103252 0.477536,
        -0.392915 -0.009497 0.477536,
        -0.390165 -0.047374 0.477536,
        -0.360327 -0.156962 0.477536,
        -0.300399 -0.253443 0.477536,
        -0.274536 -0.281252 0.477536,
        -0.246109 -0.306435 0.477536,
        -0.182650 -0.348011 0.477536,
        -0.075511 -0.385708 0.477536,
        0.036589 -0.377341 0.491455,
        0.360556 -0.117152 0.491455,
        0.370179 -0.081806 0.491455,
        0.376346 -0.045697 0.491455,
        0.379000 -0.009161 0.491455,
        0.378115 0.027461 0.491455,
        0.373699 0.063826 0.491455,
        0.365794 0.099595 0.491455,
        0.354474 0.134435 0.491455,
        0.339845 0.168019 0.491455,
        0.322043 0.200034 0.491455,
        0.301233 0.230182 0.491455,
        0.277611 0.258180 0.491455,
        0.251397 0.283769 0.491455,
        0.222835 0.306707 0.491455,
        0.192194 0.326782 0.491455,
        0.159757 0.343806 0.491455,
        0.125830 0.357620 0.491455,
        0.090727 0.368094 0.491455,
        0.054777 0.375132 0.491455,
        -0.018316 0.378668 0.491455,
        -0.354474 0.134435 0.491455,
        -0.365794 0.099595 0.491455,
        -0.373699 0.063826 0.491455,
        -0.378115 0.027461 0.491455,
        -0.379000 -0.009161 0.491455,
        -0.376346 -0.045697 0.491455,
        -0.370179 -0.081806 0.491455,
        -0.360556 -0.117152 0.491455,
        -0.347566 -0.151404 0.491455,
        -0.331331 -0.184241 0.491455,
        -0.312002 -0.215359 0.491455,
        -0.289760 -0.244467 0.491455,
        -0.264813 -0.271291 0.491455,
        -0.237393 -0.295583 0.491455,
        -0.207757 -0.317115 0.491455,
        -0.176181 -0.335686 0.491455,
        -0.142961 -0.351122 0.491455,
        -0.108405 -0.363281 0.491455,
        -0.072837 -0.372048 0.491455,
        -0.322043 0.200034 0.491455,
        -0.301233 0.230182 0.491455,
        -0.277611 0.258180 0.491455,
        -0.251397 0.283769 0.491455,
        -0.222835 0.306707 0.491455,
        -0.192194 0.326782 0.491455,
        -0.159757 0.343806 0.491455,
        -0.125830 0.357620 0.491455,
        -0.090727 0.368094 0.491455,
        -0.054777 0.375132 0.491455,
        0.331331 -0.184241 0.491455,
        0.312002 -0.215359 0.491455,
        0.289760 -0.244467 0.491455,
        0.264813 -0.271291 0.491455,
        0.237393 -0.295583 0.491455,
        0.207757 -0.317115 0.491455,
        0.176181 -0.335686 0.491455,
        0.142961 -0.351122 0.491455,
        0.108405 -0.363281 0.491455,
        0.072837 -0.372048 0.491455,
        -0.036589 -0.377341 0.491455,
        -0.037048 -0.382066 0.489489,
        -0.073750 -0.376707 0.489489,
        -0.037441 -0.386124 0.486360,
        -0.074533 -0.380708 0.486360,
        -0.037743 -0.389238 0.482283,
        -0.075134 -0.383778 0.482283,
        -0.037933 -0.391195 0.477536,
        -0.144751 -0.355520 0.489489,
        -0.178388 -0.339890 0.489489,
        -0.146288 -0.359296 0.486360,
        -0.180282 -0.343500 0.486360,
        -0.147468 -0.362193 0.482283,
        -0.181736 -0.346270 0.482283,
        -0.148209 -0.364015 0.477536,
        -0.335480 -0.186549 0.489489,
        -0.351918 -0.153299 0.489489,
        -0.339043 -0.188530 0.486360,
        -0.355656 -0.154928 0.486360,
        -0.341777 -0.190050 0.482283,
        -0.358524 -0.156177 0.482283,
        -0.343496 -0.191006 0.477536,
        -0.374815 -0.082831 0.489489,
        -0.381059 -0.046269 0.489489,
        -0.378796 -0.083710 0.486360,
        -0.385107 -0.046760 0.486360,
        -0.381850 -0.084385 0.482283,
        -0.388212 -0.047137 0.482283,
        -0.383771 -0.084810 0.477536,
        -0.378379 0.064625 0.489489,
        -0.370376 0.100843 0.489489,
        -0.382398 0.065312 0.486360,
        -0.374309 0.101913 0.486360,
        -0.385481 0.065838 0.482283,
        -0.377328 0.102735 0.482283,
        -0.387420 0.066169 0.477536,
        -0.339845 0.168019 0.491455,
        -0.344101 0.170123 0.489489,
        -0.326075 0.202539 0.489489,
        -0.347756 0.171930 0.486360,
        -0.329539 0.204690 0.486360,
        -0.350560 0.173316 0.482283,
        -0.332196 0.206341 0.482283,
        -0.352323 0.174187 0.477536,
        -0.161758 0.348111 0.489489,
        -0.127406 0.362098 0.489489,
        -0.163476 0.351808 0.486360,
        -0.128759 0.365944 0.486360,
        -0.164794 0.354645 0.482283,
        -0.129797 0.368895 0.482283,
        -0.165623 0.356429 0.477536,
        -0.055463 0.379830 0.489489,
        -0.018546 0.383410 0.489489,
        -0.056052 0.383864 0.486360,
        -0.018743 0.387482 0.486360,
        -0.056504 0.386960 0.482283,
        -0.018894 0.390607 0.482283,
        -0.056789 0.388906 0.477536,
        0.091863 0.372704 0.489489,
        0.127406 0.362098 0.489489,
        0.092839 0.376663 0.486360,
        0.128759 0.365944 0.486360,
        0.093588 0.379700 0.482283,
        0.129797 0.368895 0.482283,
        0.094058 0.381609 0.477536,
        0.194601 0.330874 0.489489,
        0.225626 0.310548 0.489489,
        0.196668 0.334388 0.486360,
        0.228022 0.313846 0.486360,
        0.198254 0.337085 0.482283,
        0.229861 0.316377 0.482283,
        0.199250 0.338780 0.477536,
        0.305005 0.233064 0.489489,
        0.326075 0.202539 0.489489,
        0.308244 0.235540 0.486360,
        0.329539 0.204690 0.486360,
        0.310730 0.237439 0.482283,
        0.332196 0.206341 0.482283,
        0.312293 0.238633 0.477536,
        0.358914 0.136118 0.489489,
        0.370376 0.100843 0.489489,
        0.362726 0.137564 0.486360,
        0.374309 0.101913 0.486360,
        0.365651 0.138673 0.482283,
        0.377328 0.102735 0.482283,
        0.367489 0.139370 0.477536,
        0.347566 -0.151404 0.491455,
        0.365071 -0.118619 0.489489,
        0.351918 -0.153299 0.489489,
        0.368948 -0.119879 0.486360,
        0.355656 -0.154928 0.486360,
        0.371924 -0.120845 0.482283,
        0.358524 -0.156177 0.482283,
        0.373794 -0.121453 0.477536,
        0.315909 -0.218056 0.489489,
        0.293389 -0.247528 0.489489,
        0.319265 -0.220372 0.486360,
        0.296505 -0.250157 0.486360,
        0.321839 -0.222149 0.482283,
        0.298896 -0.252174 0.482283,
        0.323457 -0.223267 0.477536,
        0.210359 -0.321086 0.489489,
        0.178388 -0.339890 0.489489,
        0.212593 -0.324496 0.486360,
        0.180282 -0.343500 0.486360,
        0.214308 -0.327113 0.482283,
        0.181736 -0.346270 0.482283,
        0.215385 -0.328758 0.477536,
        0.109763 -0.367831 0.489489,
        0.073750 -0.376707 0.489489,
        0.110928 -0.371737 0.486360,
        0.074533 -0.380708 0.486360,
        0.111823 -0.374735 0.482283,
        0.075134 -0.383778 0.482283,
        0.112385 -0.376619 0.477536,
        0.000000 -0.379111 0.491455,
        0.000000 -0.383858 0.489489,
        0.000000 -0.387935 0.486360,
        0.000000 -0.391063 0.482283,
        0.000000 -0.393030 0.477536,
        -0.112385 -0.376619 0.477536,
        -0.111823 -0.374735 0.482283,
        -0.110928 -0.371737 0.486360,
        -0.109763 -0.367831 0.489489,
        -0.215385 -0.328758 0.477536,
        -0.214308 -0.327113 0.482283,
        -0.212593 -0.324496 0.486360,
        -0.210359 -0.321086 0.489489,
        -0.240367 -0.299284 0.489489,
        -0.242919 -0.302463 0.486360,
        -0.244878 -0.304902 0.482283,
        -0.273162 -0.279844 0.482283,
        -0.270977 -0.277606 0.486360,
        -0.268130 -0.274689 0.489489,
        -0.293389 -0.247528 0.489489,
        -0.296505 -0.250157 0.486360,
        -0.298896 -0.252174 0.482283,
        -0.323457 -0.223267 0.477536,
        -0.321839 -0.222149 0.482283,
        -0.319265 -0.220372 0.486360,
        -0.315909 -0.218056 0.489489,
        -0.373794 -0.121453 0.477536,
        -0.371924 -0.120845 0.482283,
        -0.368948 -0.119879 0.486360,
        -0.365071 -0.118619 0.489489,
        -0.390949 -0.009450 0.482283,
        -0.387822 -0.009374 0.486360,
        -0.383746 -0.009276 0.489489,
        -0.391998 0.028469 0.477536,
        -0.390036 0.028327 0.482283,
        -0.386916 0.028100 0.486360,
        -0.382850 0.027805 0.489489,
        -0.367489 0.139370 0.477536,
        -0.365651 0.138673 0.482283,
        -0.362726 0.137564 0.486360,
        -0.358914 0.136118 0.489489,
        -0.312293 0.238633 0.477536,
        -0.310730 0.237439 0.482283,
        -0.308244 0.235540 0.486360,
        -0.305005 0.233064 0.489489,
        -0.281087 0.261413 0.489489,
        -0.284073 0.264190 0.486360,
        -0.286363 0.266320 0.482283,
        -0.259323 0.292715 0.482283,
        -0.257248 0.290374 0.486360,
        -0.254545 0.287322 0.489489,
        -0.225626 0.310548 0.489489,
        -0.228022 0.313846 0.486360,
        -0.229861 0.316377 0.482283,
        -0.199250 0.338780 0.477536,
        -0.198254 0.337085 0.482283,
        -0.196668 0.334388 0.486360,
        -0.194601 0.330874 0.489489,
        -0.094058 0.381609 0.477536,
        -0.093588 0.379700 0.482283,
        -0.092839 0.376663 0.486360,
        -0.091863 0.372704 0.489489,
        0.018316 0.378668 0.491455,
        0.018546 0.383410 0.489489,
        0.018743 0.387482 0.486360,
        0.018894 0.390607 0.482283,
        0.056789 0.388906 0.477536,
        0.056504 0.386960 0.482283,
        0.056052 0.383864 0.486360,
        0.055463 0.379830 0.489489,
        0.165623 0.356429 0.477536,
        0.164794 0.354645 0.482283,
        0.163476 0.351808 0.486360,
        0.161758 0.348111 0.489489,
        0.259323 0.292715 0.482283,
        0.257248 0.290374 0.486360,
        0.254545 0.287322 0.489489,
        0.287804 0.267660 0.477536,
        0.286363 0.266320 0.482283,
        0.284073 0.264190 0.486360,
        0.281087 0.261413 0.489489,
        0.352323 0.174187 0.477536,
        0.350560 0.173316 0.482283,
        0.347756 0.171930 0.486360,
        0.344101 0.170123 0.489489,
        0.387420 0.066169 0.477536,
        0.385481 0.065838 0.482283,
        0.382398 0.065312 0.486360,
        0.378379 0.064625 0.489489,
        0.382850 0.027805 0.489489,
        0.386916 0.028100 0.486360,
        0.390036 0.028327 0.482283,
        0.390949 -0.009450 0.482283,
        0.387822 -0.009374 0.486360,
        0.383746 -0.009276 0.489489,
        0.381059 -0.046269 0.489489,
        0.385107 -0.046760 0.486360,
        0.388212 -0.047137 0.482283,
        0.383771 -0.084810 0.477536,
        0.381850 -0.084385 0.482283,
        0.378796 -0.083710 0.486360,
        0.374815 -0.082831 0.489489,
        0.343496 -0.191006 0.477536,
        0.341777 -0.190050 0.482283,
        0.339043 -0.188530 0.486360,
        0.335480 -0.186549 0.489489,
        0.273162 -0.279844 0.482283,
        0.270977 -0.277606 0.486360,
        0.268130 -0.274689 0.489489,
        0.246109 -0.306435 0.477536,
        0.244878 -0.304902 0.482283,
        0.242919 -0.302463 0.486360,
        0.240367 -0.299284 0.489489,
        0.148209 -0.364015 0.477536,
        0.147468 -0.362193 0.482283,
        0.146288 -0.359296 0.486360,
        0.144751 -0.355520 0.489489,
        0.037933 -0.391195 0.477536,
        0.037743 -0.389238 0.482283,
        0.037441 -0.386124 0.486360,
        0.037048 -0.382066 0.489489,
        0.036082 -0.090130 0.462946,
        0.052487 -0.081672 0.462946,
        0.079082 -0.056314 0.462946,
        0.094347 -0.022888 0.462946,
        0.096096 0.013817 0.462946,
        0.060013 0.076313 0.462946,
        0.044486 0.086291 0.462946,
        0.009228 0.096644 0.462946,
        -0.027352 0.093151 0.462946,
        -0.060013 0.076313 0.462946,
        -0.096096 0.013817 0.462946,
        -0.096974 -0.004619 0.462946,
        -0.088311 -0.040330 0.462946,
        -0.066995 -0.070263 0.462946,
        -0.036082 -0.090130 0.462946,
        -0.013105 -0.067993 0.490785,
        -0.025736 -0.064285 0.490785,
        -0.014902 -0.077317 0.486852,
        -0.029265 -0.073100 0.486852,
        -0.016445 -0.085324 0.480595,
        -0.032295 -0.080670 0.480595,
        -0.017629 -0.091467 0.472441,
        -0.034620 -0.086478 0.472441,
        -0.018373 -0.095329 0.462946,
        -0.056405 -0.040166 0.490785,
        -0.062987 -0.028765 0.490785,
        -0.064140 -0.045674 0.486852,
        -0.071624 -0.032710 0.486852,
        -0.070782 -0.050404 0.480595,
        -0.079042 -0.036097 0.480595,
        -0.075878 -0.054033 0.472441,
        -0.084733 -0.038696 0.472441,
        -0.079082 -0.056314 0.462946,
        -0.052332 0.045346 0.490785,
        -0.042804 0.054430 0.490785,
        -0.059508 0.051564 0.486852,
        -0.048674 0.061894 0.486852,
        -0.065670 0.056904 0.480595,
        -0.053714 0.068303 0.480595,
        -0.070398 0.061001 0.472441,
        -0.057582 0.073221 0.472441,
        -0.073371 0.063576 0.462946,
        -0.006582 0.068931 0.490785,
        0.006582 0.068931 0.490785,
        -0.007485 0.078383 0.486852,
        0.007485 0.078383 0.486852,
        -0.008260 0.086500 0.480595,
        0.008260 0.086500 0.480595,
        -0.008855 0.092729 0.472441,
        0.008855 0.092729 0.472441,
        -0.009228 0.096644 0.462946,
        0.065437 0.022648 0.490785,
        0.068540 0.009855 0.490785,
        0.074409 0.025754 0.486852,
        0.077939 0.011206 0.486852,
        0.082115 0.028420 0.480595,
        0.086009 0.012366 0.480595,
        0.088028 0.030467 0.472441,
        0.092202 0.013257 0.472441,
        0.091744 0.031753 0.462946,
        0.062987 -0.028765 0.490785,
        0.056405 -0.040166 0.490785,
        0.071624 -0.032710 0.486852,
        0.064140 -0.045674 0.486852,
        0.079042 -0.036097 0.480595,
        0.070782 -0.050404 0.480595,
        0.084733 -0.038696 0.472441,
        0.075878 -0.054033 0.472441,
        0.088311 -0.040330 0.462946,
        0.000000 -0.069245 0.490785,
        0.000000 -0.078740 0.486852,
        0.000000 -0.086894 0.480595,
        0.000000 -0.093151 0.472441,
        0.000000 -0.097084 0.462946,
        -0.052487 -0.081672 0.462946,
        -0.050361 -0.078363 0.472441,
        -0.046978 -0.073100 0.480595,
        -0.042570 -0.066241 0.486852,
        -0.037437 -0.058252 0.490785,
        -0.047784 -0.050115 0.490785,
        -0.054337 -0.056987 0.486852,
        -0.059964 -0.062888 0.480595,
        -0.064281 -0.067416 0.472441,
        -0.094347 -0.022888 0.462946,
        -0.090525 -0.021961 0.472441,
        -0.084444 -0.020486 0.480595,
        -0.076520 -0.018564 0.486852,
        -0.067293 -0.016325 0.490785,
        -0.069167 -0.003295 0.490785,
        -0.078651 -0.003746 0.486852,
        -0.086796 -0.004135 0.480595,
        -0.093045 -0.004432 0.472441,
        -0.092202 0.013257 0.472441,
        -0.086009 0.012366 0.480595,
        -0.077939 0.011206 0.486852,
        -0.068540 0.009855 0.490785,
        -0.091744 0.031753 0.462946,
        -0.088028 0.030467 0.472441,
        -0.082115 0.028420 0.480595,
        -0.074409 0.025754 0.486852,
        -0.065437 0.022648 0.490785,
        -0.059968 0.034622 0.490785,
        -0.068191 0.039370 0.486852,
        -0.075252 0.043447 0.480595,
        -0.080671 0.046575 0.472441,
        -0.084077 0.048542 0.462946,
        -0.044486 0.086291 0.462946,
        -0.042684 0.082796 0.472441,
        -0.039817 0.077234 0.480595,
        -0.036081 0.069987 0.486852,
        -0.031730 0.061547 0.490785,
        -0.019509 0.066440 0.490785,
        -0.022184 0.075551 0.486852,
        -0.024481 0.083374 0.480595,
        -0.026244 0.089377 0.472441,
        0.027352 0.093151 0.462946,
        0.026244 0.089377 0.472441,
        0.024481 0.083374 0.480595,
        0.022184 0.075551 0.486852,
        0.019509 0.066440 0.490785,
        0.031730 0.061547 0.490785,
        0.036081 0.069987 0.486852,
        0.039817 0.077234 0.480595,
        0.042684 0.082796 0.472441,
        0.057582 0.073221 0.472441,
        0.053714 0.068303 0.480595,
        0.048674 0.061894 0.486852,
        0.042804 0.054430 0.490785,
        0.073371 0.063576 0.462946,
        0.070398 0.061001 0.472441,
        0.065670 0.056904 0.480595,
        0.059508 0.051564 0.486852,
        0.052332 0.045346 0.490785,
        0.059968 0.034622 0.490785,
        0.068191 0.039370 0.486852,
        0.075252 0.043447 0.480595,
        0.080671 0.046575 0.472441,
        0.084077 0.048542 0.462946,
        0.096974 -0.004619 0.462946,
        0.093045 -0.004432 0.472441,
        0.086796 -0.004135 0.480595,
        0.078651 -0.003746 0.486852,
        0.069167 -0.003295 0.490785,
        0.067293 -0.016325 0.490785,
        0.076520 -0.018564 0.486852,
        0.084444 -0.020486 0.480595,
        0.090525 -0.021961 0.472441,
        0.066995 -0.070263 0.462946,
        0.064281 -0.067416 0.472441,
        0.059964 -0.062888 0.480595,
        0.054337 -0.056987 0.486852,
        0.047784 -0.050115 0.490785,
        0.037437 -0.058252 0.490785,
        0.042570 -0.066241 0.486852,
        0.046978 -0.073100 0.480595,
        0.050361 -0.078363 0.472441,
        0.034620 -0.086478 0.472441,
        0.032295 -0.080670 0.480595,
        0.029265 -0.073100 0.486852,
        0.025736 -0.064285 0.490785,
        0.018373 -0.095329 0.462946,
        0.017629 -0.091467 0.472441,
        0.016445 -0.085324 0.480595,
        0.014902 -0.077317 0.486852,
        0.013105 -0.067993 0.490785,
        0.106156 -0.378845 0.219039,
        0.112577 -0.377262 0.219039,
        0.111703 -0.374333 0.219441,
        0.349212 -0.180956 0.219039,
        0.360942 -0.157230 0.219039,
        0.358139 -0.156009 0.219441,
        0.392328 -0.026834 0.219039,
        0.393586 -0.009513 0.219039,
        0.390530 -0.009439 0.219441,
        0.349308 0.180987 0.219039,
        0.334436 0.207732 0.219039,
        0.331839 0.206119 0.219441,
        0.156717 0.360778 0.219039,
        0.130672 0.371383 0.219039,
        0.129658 0.368499 0.219441,
        -0.106104 0.378714 0.219039,
        -0.130672 0.371383 0.219039,
        -0.129658 0.368499 0.219441,
        -0.248177 0.305046 0.219039,
        -0.261072 0.294689 0.219039,
        -0.259045 0.292401 0.219441,
        -0.370671 0.131746 0.219039,
        -0.379872 0.103428 0.219039,
        -0.376923 0.102625 0.219441,
        -0.370620 -0.131710 0.219039,
        -0.360942 -0.157230 0.219039,
        -0.358139 -0.156009 0.219441,
        0.387796 -0.047087 0.242258,
        0.381441 -0.084295 0.242258,
        0.378659 -0.083680 0.241078,
        0.037703 -0.388820 0.242258,
        0.147310 -0.361804 0.242258,
        0.244615 -0.304575 0.242258,
        0.390530 -0.009439 0.242258,
        0.389618 0.028296 0.242258,
        0.376923 0.102625 0.242258,
        0.365258 0.138524 0.242258,
        0.310397 0.237184 0.242258,
        0.259045 0.292401 0.242258,
        0.229615 0.316037 0.242258,
        0.198041 0.336723 0.242258,
        0.129658 0.368499 0.242258,
        0.093487 0.379293 0.242258,
        -0.018873 0.390188 0.242258,
        -0.056444 0.386544 0.242258,
        -0.129658 0.368499 0.242258,
        -0.164618 0.354265 0.242258,
        -0.259045 0.292401 0.242258,
        -0.286056 0.266035 0.242258,
        -0.331839 0.206119 0.242258,
        -0.350184 0.173130 0.242258,
        -0.385068 0.065768 0.242258,
        -0.390530 -0.009439 0.242258,
        -0.387796 -0.047087 0.242258,
        -0.381441 -0.084295 0.242258,
        -0.358139 -0.156009 0.242258,
        -0.341410 -0.189846 0.242258,
        -0.272869 -0.279544 0.242258,
        -0.244615 -0.304575 0.242258,
        -0.181541 -0.345898 0.242258,
        -0.147310 -0.361804 0.242258,
        -0.037703 -0.388820 0.242258,
        -0.111703 -0.374333 0.242258,
        -0.321494 -0.221911 0.242258,
        -0.365258 0.138524 0.242258,
        -0.198041 0.336723 0.242258,
        0.056444 0.386544 0.242258,
        0.350184 0.173130 0.242258,
        0.371524 -0.120716 0.242258,
        0.358139 -0.156009 0.242258,
        0.321494 -0.221911 0.242258,
        0.298575 -0.251904 0.242258,
        0.214078 -0.326762 0.242258,
        0.111703 -0.374333 0.242258,
        0.075053 -0.383366 0.242258,
        0.366489 -0.119080 0.239202,
        0.368815 -0.119835 0.241078,
        -0.037192 -0.383550 0.239202,
        0.000000 -0.385349 0.239202,
        0.000000 -0.387795 0.241078,
        0.351564 -0.153145 0.236756,
        0.353285 -0.153895 0.239202,
        0.355528 -0.154872 0.241078,
        0.334111 -0.185788 0.233907,
        0.335143 -0.186361 0.236756,
        0.336783 -0.187273 0.239202,
        0.338921 -0.188462 0.241078,
        0.341410 -0.189846 0.242258,
        0.314289 -0.216938 0.230850,
        0.314620 -0.217167 0.233907,
        0.315591 -0.217837 0.236756,
        0.317136 -0.218903 0.239202,
        0.319149 -0.220293 0.241078,
        -0.036858 -0.380107 0.230850,
        0.000000 -0.381890 0.230850,
        0.000000 -0.382292 0.233907,
        0.292192 -0.246518 0.227793,
        0.291884 -0.246259 0.230850,
        0.292192 -0.246518 0.233907,
        0.293094 -0.247279 0.236756,
        0.294528 -0.248489 0.239202,
        0.296398 -0.250067 0.241078,
        -0.371524 -0.120716 0.242258,
        -0.378659 -0.083680 0.241078,
        -0.384968 -0.046744 0.241078,
        -0.382539 -0.046449 0.239202,
        -0.385237 -0.009311 0.239202,
        -0.383360 -0.009266 0.236756,
        -0.382465 0.027777 0.236756,
        -0.381288 0.027691 0.233907,
        -0.376835 0.064361 0.233907,
        -0.376439 0.064294 0.230850,
        -0.368476 0.100325 0.230850,
        -0.368865 0.100431 0.227793,
        -0.357450 0.135563 0.227793,
        -0.358553 0.135981 0.224944,
        0.164618 0.354265 0.242258,
        0.196596 0.334268 0.241078,
        0.227940 0.313733 0.241078,
        0.226502 0.311754 0.239202,
        0.255534 0.288438 0.239202,
        0.254289 0.287033 0.236756,
        0.280805 0.261151 0.236756,
        0.279941 0.260347 0.233907,
        0.303761 0.232113 0.233907,
        0.303441 0.231869 0.230850,
        0.324403 0.201500 0.230850,
        0.324745 0.201713 0.227793,
        0.342697 0.169429 0.227793,
        0.343755 0.169952 0.224944,
        0.267859 -0.274412 0.224944,
        0.267035 -0.273568 0.227793,
        0.266754 -0.273280 0.230850,
        0.267035 -0.273568 0.233907,
        0.267859 -0.274412 0.236756,
        0.269171 -0.275756 0.239202,
        0.270880 -0.277506 0.241078,
        0.272869 -0.279544 0.242258,
        -0.368815 -0.119835 0.241078,
        -0.376271 -0.083152 0.239202,
        -0.380676 -0.046222 0.236756,
        -0.382181 -0.009238 0.233907,
        -0.380887 0.027662 0.230850,
        -0.376835 0.064361 0.227793,
        -0.370003 0.100741 0.224944,
        -0.360308 0.136647 0.222498,
        0.163417 0.351681 0.241078,
        0.195357 0.332159 0.239202,
        0.225399 0.310235 0.236756,
        0.253507 0.286150 0.233907,
        0.279646 0.260073 0.230850,
        0.303761 0.232113 0.227793,
        0.325747 0.202335 0.224944,
        0.345437 0.170783 0.222498,
        0.241300 -0.300447 0.222498,
        0.240124 -0.298983 0.224944,
        0.239386 -0.298063 0.227793,
        0.239134 -0.297750 0.230850,
        0.239386 -0.298063 0.233907,
        0.240124 -0.298983 0.236756,
        0.241300 -0.300447 0.239202,
        0.242831 -0.302354 0.241078,
        -0.037192 -0.383550 0.222498,
        0.000000 -0.385349 0.222498,
        0.000000 -0.383472 0.224944,
        -0.355528 -0.154872 0.241078,
        -0.366489 -0.119080 0.239202,
        -0.374438 -0.082747 0.236756,
        -0.379505 -0.046080 0.233907,
        -0.381778 -0.009228 0.230850,
        -0.381288 0.027691 0.227793,
        -0.377998 0.064560 0.224944,
        -0.371814 0.101234 0.222498,
        -0.362595 0.137514 0.220621,
        0.128712 0.365812 0.241078,
        0.162387 0.349463 0.239202,
        0.194405 0.330541 0.236756,
        0.224706 0.309281 0.233907,
        0.253240 0.285848 0.230850,
        0.279941 0.260347 0.227793,
        0.304698 0.232830 0.224944,
        0.327342 0.203326 0.222498,
        0.347630 0.171868 0.220621,
        0.212517 -0.324379 0.220621,
        0.211176 -0.322333 0.222498,
        0.210148 -0.320763 0.224944,
        0.209501 -0.319776 0.227793,
        0.209280 -0.319439 0.230850,
        0.209501 -0.319776 0.233907,
        0.210148 -0.320763 0.236756,
        0.211176 -0.322333 0.239202,
        0.212517 -0.324379 0.241078,
        -0.037428 -0.385985 0.220621,
        0.000000 -0.387795 0.220621,
        -0.338921 -0.188462 0.241078,
        -0.353285 -0.153895 0.239202,
        -0.364704 -0.118499 0.236756,
        -0.373286 -0.082493 0.233907,
        -0.379106 -0.046032 0.230850,
        -0.382181 -0.009238 0.227793,
        -0.382465 0.027777 0.224944,
        -0.379849 0.064876 0.222498,
        -0.374174 0.101877 0.220621,
        -0.365258 0.138524 0.219441,
        -0.329420 0.204617 0.220621,
        -0.347630 0.171868 0.220621,
        -0.345437 0.170783 0.222498,
        0.092806 0.376527 0.241078,
        0.127900 0.363504 0.239202,
        0.161596 0.347761 0.236756,
        0.193807 0.329524 0.233907,
        0.224469 0.308955 0.230850,
        0.253507 0.286150 0.227793,
        0.280805 0.261151 0.224944,
        0.306190 0.233970 0.222498,
        0.329420 0.204617 0.220621,
        0.350184 0.173130 0.219441,
        0.374174 0.101877 0.220621,
        0.362595 0.137514 0.220621,
        0.360308 0.136647 0.222498,
        0.181541 -0.345898 0.219441,
        0.180217 -0.343376 0.220621,
        0.179081 -0.341210 0.222498,
        0.178208 -0.339548 0.224944,
        0.177660 -0.338503 0.227793,
        0.177473 -0.338146 0.230850,
        0.177660 -0.338503 0.233907,
        0.178208 -0.339548 0.236756,
        0.179081 -0.341210 0.239202,
        0.180217 -0.343376 0.241078,
        0.181541 -0.345898 0.242258,
        0.000000 -0.390644 0.219441,
        -0.037703 -0.388820 0.219441,
        -0.075053 -0.383366 0.219441,
        -0.147310 -0.361804 0.219441,
        -0.111703 -0.374333 0.219441,
        -0.110888 -0.371603 0.220621,
        -0.074506 -0.380571 0.220621,
        -0.074036 -0.378170 0.222498,
        -0.037010 -0.381682 0.224944,
        0.000000 -0.382292 0.227793,
        -0.244615 -0.304575 0.219441,
        -0.214078 -0.326762 0.219441,
        -0.212517 -0.324379 0.220621,
        -0.180217 -0.343376 0.220621,
        -0.179081 -0.341210 0.222498,
        -0.145313 -0.356901 0.222498,
        -0.144606 -0.355162 0.224944,
        -0.109652 -0.367461 0.224944,
        -0.109315 -0.366330 0.227793,
        -0.073448 -0.375170 0.227793,
        -0.073371 -0.374775 0.230850,
        -0.036896 -0.380507 0.233907,
        0.000000 -0.383472 0.236756,
        -0.321494 -0.221911 0.219441,
        -0.298575 -0.251904 0.219441,
        -0.296398 -0.250067 0.220621,
        -0.270880 -0.277506 0.220621,
        -0.269171 -0.275756 0.222498,
        -0.241300 -0.300447 0.222498,
        -0.240124 -0.298983 0.224944,
        -0.210148 -0.320763 0.224944,
        -0.209501 -0.319776 0.227793,
        -0.177660 -0.338503 0.227793,
        -0.177473 -0.338146 0.230850,
        -0.144009 -0.353696 0.230850,
        -0.144160 -0.354069 0.233907,
        -0.109315 -0.366330 0.233907,
        -0.109652 -0.367461 0.236756,
        -0.073675 -0.376328 0.236756,
        -0.074036 -0.378170 0.239202,
        -0.037428 -0.385985 0.241078,
        0.000000 -0.390644 0.242258,
        -0.074506 -0.380571 0.241078,
        -0.110189 -0.369259 0.239202,
        -0.144606 -0.355162 0.236756,
        -0.177660 -0.338503 0.233907,
        -0.209280 -0.319439 0.230850,
        -0.239386 -0.298063 0.227793,
        -0.267859 -0.274412 0.224944,
        -0.294528 -0.248489 0.222498,
        -0.319149 -0.220293 0.220621,
        -0.341410 -0.189846 0.219441,
        -0.344082 -0.191332 0.219039,
        -0.349212 -0.180956 0.219039,
        -0.146235 -0.359166 0.241078,
        -0.180217 -0.343376 0.241078,
        -0.179081 -0.341210 0.239202,
        -0.211176 -0.322333 0.239202,
        -0.210148 -0.320763 0.236756,
        -0.240124 -0.298983 0.236756,
        -0.239386 -0.298063 0.233907,
        -0.267035 -0.273568 0.233907,
        -0.266754 -0.273280 0.230850,
        -0.291884 -0.246259 0.230850,
        -0.292192 -0.246518 0.227793,
        -0.314620 -0.217167 0.227793,
        -0.315591 -0.217837 0.224944,
        -0.335143 -0.186361 0.224944,
        -0.336783 -0.187273 0.222498,
        -0.353285 -0.153895 0.222498,
        -0.355528 -0.154872 0.220621,
        -0.368815 -0.119835 0.220621,
        -0.371524 -0.120716 0.219441,
        -0.381441 -0.084295 0.219441,
        -0.214078 -0.326762 0.242258,
        -0.242831 -0.302354 0.241078,
        -0.270880 -0.277506 0.241078,
        -0.269171 -0.275756 0.239202,
        -0.294528 -0.248489 0.239202,
        -0.293094 -0.247279 0.236756,
        -0.315591 -0.217837 0.236756,
        -0.314620 -0.217167 0.233907,
        -0.334111 -0.185788 0.233907,
        -0.333759 -0.185592 0.230850,
        -0.350113 -0.152513 0.230850,
        -0.350483 -0.152674 0.227793,
        -0.363581 -0.118135 0.227793,
        -0.364704 -0.118499 0.224944,
        -0.374438 -0.082747 0.224944,
        -0.376271 -0.083152 0.222498,
        -0.382539 -0.046449 0.222498,
        -0.384968 -0.046744 0.220621,
        -0.387682 -0.009370 0.220621,
        -0.390530 -0.009439 0.219441,
        -0.389618 0.028296 0.219441,
        -0.296398 -0.250067 0.241078,
        -0.317136 -0.218903 0.239202,
        -0.335143 -0.186361 0.236756,
        -0.350483 -0.152674 0.233907,
        -0.363199 -0.118010 0.230850,
        -0.373286 -0.082493 0.227793,
        -0.380676 -0.046222 0.224944,
        -0.385237 -0.009311 0.222498,
        -0.386777 0.028090 0.220621,
        -0.385068 0.065768 0.219441,
        -0.388081 0.066282 0.219039,
        -0.385048 0.080008 0.219039,
        -0.350184 0.173130 0.219441,
        -0.331839 0.206119 0.219441,
        -0.310397 0.237184 0.219441,
        -0.287704 0.268694 0.219039,
        -0.288295 0.268117 0.219039,
        -0.286056 0.266035 0.219441,
        -0.308133 0.235455 0.220621,
        -0.327342 0.203326 0.222498,
        -0.343755 0.169952 0.224944,
        -0.389618 0.028296 0.242258,
        -0.386777 0.028090 0.241078,
        -0.382260 0.065288 0.241078,
        -0.379849 0.064876 0.239202,
        -0.371814 0.101234 0.239202,
        -0.370003 0.100741 0.236756,
        -0.358553 0.135981 0.236756,
        -0.357450 0.135563 0.233907,
        -0.342697 0.169429 0.233907,
        -0.342336 0.169250 0.230850,
        -0.324403 0.201500 0.230850,
        -0.324745 0.201713 0.227793,
        -0.303761 0.232113 0.227793,
        -0.304698 0.232830 0.224944,
        -0.280805 0.261151 0.224944,
        -0.282179 0.262429 0.222498,
        -0.255534 0.288438 0.222498,
        -0.257156 0.290269 0.220621,
        -0.227940 0.313733 0.220621,
        -0.229615 0.316037 0.219441,
        -0.198041 0.336723 0.219441,
        -0.374174 0.101877 0.241078,
        -0.360308 0.136647 0.239202,
        -0.343755 0.169952 0.236756,
        -0.324745 0.201713 0.233907,
        -0.303441 0.231869 0.230850,
        -0.279941 0.260347 0.227793,
        -0.254289 0.287033 0.224944,
        -0.226502 0.311754 0.222498,
        -0.196596 0.334268 0.220621,
        -0.164618 0.354265 0.219441,
        -0.165906 0.357037 0.219039,
        -0.156717 0.360778 0.219039,
        -0.347630 0.171868 0.241078,
        -0.329420 0.204617 0.241078,
        -0.327342 0.203326 0.239202,
        -0.306190 0.233970 0.239202,
        -0.304698 0.232830 0.236756,
        -0.280805 0.261151 0.236756,
        -0.279941 0.260347 0.233907,
        -0.253507 0.286150 0.233907,
        -0.253240 0.285848 0.230850,
        -0.224469 0.308955 0.230850,
        -0.224706 0.309281 0.227793,
        -0.193807 0.329524 0.227793,
        -0.194405 0.330541 0.224944,
        -0.161596 0.347761 0.224944,
        -0.162387 0.349463 0.222498,
        -0.127900 0.363504 0.222498,
        -0.128712 0.365812 0.220621,
        -0.092806 0.376527 0.220621,
        -0.093487 0.379293 0.219441,
        -0.056444 0.386544 0.219441,
        -0.310397 0.237184 0.242258,
        -0.283970 0.264095 0.241078,
        -0.257156 0.290269 0.241078,
        -0.255534 0.288438 0.239202,
        -0.226502 0.311754 0.239202,
        -0.225399 0.310235 0.236756,
        -0.194405 0.330541 0.236756,
        -0.193807 0.329524 0.233907,
        -0.161098 0.346691 0.233907,
        -0.160929 0.346326 0.230850,
        -0.126752 0.360241 0.230850,
        -0.126886 0.360621 0.227793,
        -0.091489 0.371183 0.227793,
        -0.091771 0.372329 0.224944,
        -0.055407 0.379448 0.224944,
        -0.055679 0.381306 0.222498,
        -0.018617 0.384899 0.222498,
        -0.018736 0.387343 0.220621,
        0.018736 0.387343 0.220621,
        0.018873 0.390188 0.219441,
        0.056444 0.386544 0.219441,
        -0.227940 0.313733 0.241078,
        -0.195357 0.332159 0.239202,
        -0.161596 0.347761 0.236756,
        -0.126886 0.360621 0.233907,
        -0.091392 0.370793 0.230850,
        -0.055237 0.378281 0.227793,
        -0.018527 0.383024 0.224944,
        0.018617 0.384899 0.222498,
        0.056032 0.383726 0.220621,
        0.093487 0.379293 0.219441,
        0.094219 0.382261 0.219039,
        0.106104 0.378714 0.219039,
        -0.163417 0.351681 0.241078,
        -0.128712 0.365812 0.241078,
        -0.127900 0.363504 0.239202,
        -0.092220 0.374152 0.239202,
        -0.091771 0.372329 0.236756,
        -0.055407 0.379448 0.236756,
        -0.055237 0.378281 0.233907,
        -0.018470 0.381846 0.233907,
        -0.018450 0.381444 0.230850,
        0.018450 0.381444 0.230850,
        0.018470 0.381846 0.227793,
        0.055237 0.378281 0.227793,
        0.055407 0.379448 0.224944,
        0.091771 0.372329 0.224944,
        0.092220 0.374152 0.222498,
        0.127900 0.363504 0.222498,
        0.128712 0.365812 0.220621,
        0.163417 0.351681 0.220621,
        0.164618 0.354265 0.219441,
        0.198041 0.336723 0.219441,
        -0.093487 0.379293 0.242258,
        -0.056032 0.383726 0.241078,
        -0.018736 0.387343 0.241078,
        -0.018617 0.384899 0.239202,
        0.018617 0.384899 0.239202,
        0.018527 0.383024 0.236756,
        0.055407 0.379448 0.236756,
        0.055237 0.378281 0.233907,
        0.091489 0.371183 0.233907,
        0.091392 0.370793 0.230850,
        0.126752 0.360241 0.230850,
        0.126886 0.360621 0.227793,
        0.161098 0.346691 0.227793,
        0.161596 0.347761 0.224944,
        0.194405 0.330541 0.224944,
        0.195357 0.332159 0.222498,
        0.226502 0.311754 0.222498,
        0.227940 0.313733 0.220621,
        0.257156 0.290269 0.220621,
        0.259045 0.292401 0.219441,
        0.286056 0.266035 0.219441,
        0.018736 0.387343 0.241078,
        0.055679 0.381306 0.239202,
        0.091771 0.372329 0.236756,
        0.126886 0.360621 0.233907,
        0.160929 0.346326 0.230850,
        0.193807 0.329524 0.227793,
        0.225399 0.310235 0.224944,
        0.255534 0.288438 0.222498,
        0.283970 0.264095 0.220621,
        0.310397 0.237184 0.219441,
        0.312826 0.239040 0.219039,
        0.321281 0.226791 0.219039,
        0.365258 0.138524 0.219441,
        0.376923 0.102625 0.219441,
        0.385068 0.065768 0.219441,
        0.392707 0.026865 0.219039,
        0.392667 0.028518 0.219039,
        0.389618 0.028296 0.219441,
        0.382260 0.065288 0.220621,
        0.371814 0.101234 0.222498,
        0.358553 0.135981 0.224944,
        0.286056 0.266035 0.242258,
        0.283970 0.264095 0.241078,
        0.308133 0.235455 0.241078,
        0.306190 0.233970 0.239202,
        0.327342 0.203326 0.239202,
        0.325747 0.202335 0.236756,
        0.343755 0.169952 0.236756,
        0.342697 0.169429 0.233907,
        0.357450 0.135563 0.233907,
        0.357073 0.135420 0.230850,
        0.368476 0.100325 0.230850,
        0.368865 0.100431 0.227793,
        0.376835 0.064361 0.227793,
        0.377998 0.064560 0.224944,
        0.382465 0.027777 0.224944,
        0.384337 0.027913 0.222498,
        0.385237 -0.009311 0.222498,
        0.387682 -0.009370 0.220621,
        0.384968 -0.046744 0.220621,
        0.387796 -0.047087 0.219441,
        0.381441 -0.084295 0.219441,
        0.329420 0.204617 0.241078,
        0.345437 0.170783 0.239202,
        0.358553 0.135981 0.236756,
        0.368865 0.100431 0.233907,
        0.376439 0.064294 0.230850,
        0.381288 0.027691 0.227793,
        0.383360 -0.009266 0.224944,
        0.382539 -0.046449 0.222498,
        0.378659 -0.083680 0.220621,
        0.371524 -0.120716 0.219441,
        0.374432 -0.121660 0.219039,
        0.370620 -0.131710 0.219039,
        0.362595 0.137514 0.241078,
        0.374174 0.101877 0.241078,
        0.371814 0.101234 0.239202,
        0.379849 0.064876 0.239202,
        0.377998 0.064560 0.236756,
        0.382465 0.027777 0.236756,
        0.381288 0.027691 0.233907,
        0.382181 -0.009238 0.233907,
        0.381778 -0.009228 0.230850,
        0.379106 -0.046032 0.230850,
        0.379505 -0.046080 0.227793,
        0.373286 -0.082493 0.227793,
        0.374438 -0.082747 0.224944,
        0.364704 -0.118499 0.224944,
        0.366489 -0.119080 0.222498,
        0.353285 -0.153895 0.222498,
        0.355528 -0.154872 0.220621,
        0.338921 -0.188462 0.220621,
        0.341410 -0.189846 0.219441,
        0.321494 -0.221911 0.219441,
        0.385068 0.065768 0.242258,
        0.386777 0.028090 0.241078,
        0.387682 -0.009370 0.241078,
        0.385237 -0.009311 0.239202,
        0.382539 -0.046449 0.239202,
        0.380676 -0.046222 0.236756,
        0.374438 -0.082747 0.236756,
        0.373286 -0.082493 0.233907,
        0.363581 -0.118135 0.233907,
        0.363199 -0.118010 0.230850,
        0.350113 -0.152513 0.230850,
        0.350483 -0.152674 0.227793,
        0.334111 -0.185788 0.227793,
        0.335143 -0.186361 0.224944,
        0.315591 -0.217837 0.224944,
        0.317136 -0.218903 0.222498,
        0.294528 -0.248489 0.222498,
        0.296398 -0.250067 0.220621,
        0.270880 -0.277506 0.220621,
        0.272869 -0.279544 0.219441,
        0.244615 -0.304575 0.219441,
        0.384968 -0.046744 0.241078,
        0.376271 -0.083152 0.239202,
        0.364704 -0.118499 0.236756,
        0.350483 -0.152674 0.233907,
        0.333759 -0.185592 0.230850,
        0.314620 -0.217167 0.227793,
        0.293094 -0.247279 0.224944,
        0.269171 -0.275756 0.222498,
        0.242831 -0.302354 0.220621,
        0.214078 -0.326762 0.219441,
        0.215753 -0.329319 0.219039,
        0.204349 -0.336026 0.219039,
        -0.106156 -0.378845 0.219039,
        -0.075641 -0.386366 0.219039,
        -0.053544 -0.389593 0.219039,
        -0.037998 -0.391863 0.219039,
        0.000000 -0.393701 0.219039,
        -0.204349 -0.336026 0.219039,
        -0.182962 -0.348605 0.219039,
        -0.181541 -0.345898 0.219441,
        -0.146235 -0.359166 0.220621,
        -0.110189 -0.369259 0.222498,
        -0.073675 -0.376328 0.224944,
        -0.036896 -0.380507 0.227793,
        -0.156710 -0.360804 0.219039,
        -0.148463 -0.364636 0.219039,
        -0.112577 -0.377262 0.219039,
        -0.287394 -0.268409 0.219039,
        -0.275004 -0.281732 0.219039,
        -0.272869 -0.279544 0.219441,
        -0.242831 -0.302354 0.220621,
        -0.211176 -0.322333 0.222498,
        -0.178208 -0.339548 0.224944,
        -0.144160 -0.354069 0.227793,
        -0.109200 -0.365944 0.230850,
        -0.073448 -0.375170 0.233907,
        -0.037010 -0.381682 0.236756,
        -0.248385 -0.305314 0.219039,
        -0.246530 -0.306958 0.219039,
        -0.215753 -0.329319 0.219039,
        -0.324009 -0.223648 0.219039,
        -0.321500 -0.226931 0.219039,
        -0.300912 -0.253875 0.219039,
        -0.075053 -0.383366 0.242258,
        -0.110888 -0.371603 0.241078,
        -0.145313 -0.356901 0.239202,
        -0.178208 -0.339548 0.236756,
        -0.209501 -0.319776 0.233907,
        -0.239134 -0.297750 0.230850,
        -0.267035 -0.273568 0.227793,
        -0.293094 -0.247279 0.224944,
        -0.317136 -0.218903 0.222498,
        -0.338921 -0.188462 0.220621,
        -0.392328 -0.026834 0.219039,
        -0.390830 -0.047456 0.219039,
        -0.387796 -0.047087 0.219441,
        -0.378659 -0.083680 0.220621,
        -0.366489 -0.119080 0.222498,
        -0.351564 -0.153145 0.224944,
        -0.334111 -0.185788 0.227793,
        -0.314289 -0.216938 0.230850,
        -0.292192 -0.246518 0.233907,
        -0.267859 -0.274412 0.236756,
        -0.241300 -0.300447 0.239202,
        -0.212517 -0.324379 0.241078,
        -0.385261 -0.080066 0.219039,
        -0.384426 -0.084954 0.219039,
        -0.374432 -0.121660 0.219039,
        -0.392667 0.028518 0.219039,
        -0.392707 0.026865 0.219039,
        -0.393586 -0.009513 0.219039,
        -0.298575 -0.251904 0.242258,
        -0.319149 -0.220293 0.241078,
        -0.336783 -0.187273 0.239202,
        -0.351564 -0.153145 0.236756,
        -0.363581 -0.118135 0.233907,
        -0.372893 -0.082406 0.230850,
        -0.379505 -0.046080 0.227793,
        -0.383360 -0.009266 0.224944,
        -0.384337 0.027913 0.222498,
        -0.382260 0.065288 0.220621,
        -0.368117 0.139608 0.219039,
        -0.352924 0.174485 0.219039,
        -0.312826 0.239040 0.219039,
        -0.321281 0.226791 0.219039,
        -0.334436 0.207732 0.219039,
        -0.349308 0.180987 0.219039,
        -0.283970 0.264095 0.220621,
        -0.306190 0.233970 0.222498,
        -0.325747 0.202335 0.224944,
        -0.342697 0.169429 0.227793,
        -0.357073 0.135420 0.230850,
        -0.368865 0.100431 0.233907,
        -0.377998 0.064560 0.236756,
        -0.384337 0.027913 0.239202,
        -0.387682 -0.009370 0.241078,
        -0.199591 0.339358 0.219039,
        -0.204431 0.336187 0.219039,
        -0.231411 0.318511 0.219039,
        -0.376923 0.102625 0.242258,
        -0.362595 0.137514 0.241078,
        -0.345437 0.170783 0.239202,
        -0.325747 0.202335 0.236756,
        -0.303761 0.232113 0.233907,
        -0.279646 0.260073 0.230850,
        -0.253507 0.286150 0.227793,
        -0.225399 0.310235 0.224944,
        -0.195357 0.332159 0.222498,
        -0.163417 0.351681 0.220621,
        -0.000000 0.393241 0.219039,
        -0.019021 0.393241 0.219039,
        -0.018873 0.390188 0.219441,
        -0.056032 0.383726 0.220621,
        -0.092220 0.374152 0.222498,
        -0.127278 0.361734 0.224944,
        -0.161098 0.346691 0.227793,
        -0.193603 0.329178 0.230850,
        -0.224706 0.309281 0.233907,
        -0.254289 0.287033 0.236756,
        -0.282179 0.262429 0.239202,
        -0.308133 0.235455 0.241078,
        -0.053595 0.389889 0.219039,
        -0.056885 0.389569 0.219039,
        -0.094219 0.382261 0.219039,
        0.056885 0.389569 0.219039,
        0.053595 0.389889 0.219039,
        0.019021 0.393241 0.219039,
        -0.229615 0.316037 0.242258,
        -0.196596 0.334268 0.241078,
        -0.162387 0.349463 0.239202,
        -0.127278 0.361734 0.236756,
        -0.091489 0.371183 0.233907,
        -0.055179 0.377882 0.230850,
        -0.018470 0.381846 0.227793,
        0.018527 0.383024 0.224944,
        0.055679 0.381306 0.222498,
        0.092806 0.376527 0.220621,
        0.248177 0.305046 0.219039,
        0.231411 0.318511 0.219039,
        0.229615 0.316037 0.219441,
        0.196596 0.334268 0.220621,
        0.162387 0.349463 0.222498,
        0.127278 0.361734 0.224944,
        0.091489 0.371183 0.227793,
        0.055179 0.377882 0.230850,
        0.018470 0.381846 0.233907,
        -0.018527 0.383024 0.236756,
        -0.055679 0.381306 0.239202,
        -0.092806 0.376527 0.241078,
        0.204431 0.336187 0.219039,
        0.199591 0.339358 0.219039,
        0.165906 0.357037 0.219039,
        0.288295 0.268117 0.219039,
        0.287704 0.268694 0.219039,
        0.261072 0.294689 0.219039,
        0.018873 0.390188 0.242258,
        0.056032 0.383726 0.241078,
        0.092220 0.374152 0.239202,
        0.127278 0.361734 0.236756,
        0.161098 0.346691 0.233907,
        0.193603 0.329178 0.230850,
        0.224706 0.309281 0.227793,
        0.254289 0.287033 0.224944,
        0.282179 0.262429 0.222498,
        0.308133 0.235455 0.220621,
        0.352924 0.174485 0.219039,
        0.368117 0.139608 0.219039,
        0.388081 0.066282 0.219039,
        0.385048 0.080008 0.219039,
        0.379872 0.103428 0.219039,
        0.370671 0.131746 0.219039,
        0.386777 0.028090 0.220621,
        0.379849 0.064876 0.222498,
        0.370003 0.100741 0.224944,
        0.357450 0.135563 0.227793,
        0.342336 0.169250 0.230850,
        0.324745 0.201713 0.233907,
        0.304698 0.232830 0.236756,
        0.282179 0.262429 0.239202,
        0.257156 0.290269 0.241078,
        0.384426 -0.084954 0.219039,
        0.385261 -0.080066 0.219039,
        0.390830 -0.047456 0.219039,
        0.331839 0.206119 0.242258,
        0.347630 0.171868 0.241078,
        0.360308 0.136647 0.239202,
        0.370003 0.100741 0.236756,
        0.376835 0.064361 0.233907,
        0.380887 0.027662 0.230850,
        0.382181 -0.009238 0.227793,
        0.380676 -0.046222 0.224944,
        0.376271 -0.083152 0.222498,
        0.368815 -0.119835 0.220621,
        0.287394 -0.268409 0.219039,
        0.300912 -0.253875 0.219039,
        0.298575 -0.251904 0.219441,
        0.319149 -0.220293 0.220621,
        0.336783 -0.187273 0.222498,
        0.351564 -0.153145 0.224944,
        0.363581 -0.118135 0.227793,
        0.372893 -0.082406 0.230850,
        0.379505 -0.046080 0.233907,
        0.383360 -0.009266 0.236756,
        0.384337 0.027913 0.239202,
        0.382260 0.065288 0.241078,
        0.321500 -0.226931 0.219039,
        0.324009 -0.223648 0.219039,
        0.344082 -0.191332 0.219039,
        0.246530 -0.306958 0.219039,
        0.248385 -0.305314 0.219039,
        0.275004 -0.281732 0.219039,
        0.182962 -0.348605 0.219039,
        0.147310 -0.361804 0.219441,
        0.148463 -0.364636 0.219039,
        0.156710 -0.360804 0.219039,
        0.146235 -0.359166 0.241078,
        0.145313 -0.356901 0.239202,
        0.144606 -0.355162 0.236756,
        0.144160 -0.354069 0.233907,
        0.144009 -0.353696 0.230850,
        0.144160 -0.354069 0.227793,
        0.144606 -0.355162 0.224944,
        0.145313 -0.356901 0.222498,
        0.146235 -0.359166 0.220621,
        0.110888 -0.371603 0.241078,
        0.110189 -0.369259 0.239202,
        0.109652 -0.367461 0.236756,
        0.109315 -0.366330 0.233907,
        0.109200 -0.365944 0.230850,
        0.109315 -0.366330 0.227793,
        0.109652 -0.367461 0.224944,
        0.110189 -0.369259 0.222498,
        0.110888 -0.371603 0.220621,
        0.074506 -0.380571 0.241078,
        0.074036 -0.378170 0.239202,
        0.073675 -0.376328 0.236756,
        0.073448 -0.375170 0.233907,
        0.073371 -0.374775 0.230850,
        0.073448 -0.375170 0.227793,
        0.073675 -0.376328 0.224944,
        0.074036 -0.378170 0.222498,
        0.074506 -0.380571 0.220621,
        0.075053 -0.383366 0.219441,
        0.075641 -0.386366 0.219039,
        0.037703 -0.388820 0.219441,
        0.037998 -0.391863 0.219039,
        0.053544 -0.389593 0.219039,
        0.037428 -0.385985 0.241078,
        0.037192 -0.383550 0.239202,
        0.037010 -0.381682 0.236756,
        0.036896 -0.380507 0.233907,
        0.036858 -0.380107 0.230850,
        0.036896 -0.380507 0.227793,
        0.037010 -0.381682 0.224944,
        0.037192 -0.383550 0.222498,
        0.037428 -0.385985 0.220621,
      ]
    }
    coordIndex [
      288, 222, 221, -1,
      289, 290, 266, -1,
      266, 290, 291, -1,
      266, 291, 221, -1,
      221, 291, 292, -1,
      221, 292, 288, -1,
      289, 266, 293, -1,
      293, 266, 268, -1,
      293, 268, 294, -1,
      294, 268, 295, -1,
      295, 268, 270, -1,
      295, 270, 296, -1,
      296, 270, 297, -1,
      297, 270, 252, -1,
      297, 252, 298, -1,
      298, 252, 299, -1,
      299, 252, 236, -1,
      299, 236, 300, -1,
      300, 236, 301, -1,
      301, 236, 235, -1,
      301, 235, 302, -1,
      280, 303, 235, -1,
      235, 303, 304, -1,
      235, 304, 302, -1,
      282, 305, 280, -1,
      280, 305, 306, -1,
      280, 306, 303, -1,
      307, 308, 274, -1,
      274, 308, 309, -1,
      274, 309, 282, -1,
      282, 309, 310, -1,
      282, 310, 305, -1,
      307, 274, 311, -1,
      311, 274, 263, -1,
      311, 263, 312, -1,
      312, 263, 313, -1,
      313, 263, 243, -1,
      313, 243, 314, -1,
      314, 243, 315, -1,
      315, 243, 231, -1,
      315, 231, 316, -1,
      316, 231, 317, -1,
      317, 231, 226, -1,
      317, 226, 318, -1,
      318, 226, 319, -1,
      319, 226, 228, -1,
      319, 228, 320, -1,
      230, 321, 228, -1,
      228, 321, 322, -1,
      228, 322, 320, -1,
      224, 323, 230, -1,
      230, 323, 324, -1,
      230, 324, 321, -1,
      325, 326, 223, -1,
      223, 326, 327, -1,
      223, 327, 224, -1,
      224, 327, 328, -1,
      224, 328, 323, -1,
      325, 223, 329, -1,
      329, 223, 239, -1,
      329, 239, 330, -1,
      330, 239, 331, -1,
      331, 239, 238, -1,
      331, 238, 332, -1,
      332, 238, 333, -1,
      333, 238, 260, -1,
      333, 260, 334, -1,
      334, 260, 335, -1,
      335, 260, 255, -1,
      335, 255, 336, -1,
      336, 255, 337, -1,
      337, 255, 246, -1,
      337, 246, 338, -1,
      288, 339, 222, -1,
      222, 339, 340, -1,
      222, 340, 246, -1,
      246, 340, 341, -1,
      246, 341, 338, -1,
      342, 343, 344, -1,
      344, 343, 345, -1,
      344, 345, 346, -1,
      347, 348, 344, -1,
      344, 348, 349, -1,
      344, 349, 342, -1,
      350, 351, 344, -1,
      344, 351, 352, -1,
      344, 352, 347, -1,
      353, 354, 344, -1,
      344, 354, 355, -1,
      344, 355, 350, -1,
      356, 357, 344, -1,
      344, 357, 358, -1,
      344, 358, 353, -1,
      359, 360, 344, -1,
      344, 360, 361, -1,
      344, 361, 356, -1,
      362, 363, 344, -1,
      344, 363, 364, -1,
      344, 364, 359, -1,
      365, 366, 344, -1,
      344, 366, 367, -1,
      344, 367, 362, -1,
      368, 369, 344, -1,
      344, 369, 370, -1,
      344, 370, 365, -1,
      371, 372, 344, -1,
      344, 372, 373, -1,
      344, 373, 368, -1,
      346, 374, 344, -1,
      344, 374, 375, -1,
      344, 375, 371, -1,
      376, 377, 247, -1,
      247, 377, 248, -1,
      376, 247, 378, -1,
      378, 247, 257, -1,
      378, 257, 379, -1,
      256, 380, 257, -1,
      257, 380, 381, -1,
      257, 381, 379, -1,
      382, 383, 262, -1,
      262, 383, 384, -1,
      262, 384, 256, -1,
      256, 384, 385, -1,
      256, 385, 380, -1,
      382, 262, 386, -1,
      386, 262, 261, -1,
      386, 261, 387, -1,
      387, 261, 388, -1,
      388, 261, 259, -1,
      388, 259, 389, -1,
      258, 390, 259, -1,
      259, 390, 391, -1,
      259, 391, 389, -1,
      237, 392, 258, -1,
      258, 392, 393, -1,
      258, 393, 390, -1,
      394, 395, 242, -1,
      242, 395, 396, -1,
      242, 396, 237, -1,
      237, 396, 397, -1,
      237, 397, 392, -1,
      394, 242, 398, -1,
      398, 242, 241, -1,
      398, 241, 399, -1,
      399, 241, 400, -1,
      400, 241, 240, -1,
      400, 240, 401, -1,
      225, 402, 240, -1,
      240, 402, 403, -1,
      240, 403, 401, -1,
      404, 405, 251, -1,
      251, 405, 406, -1,
      251, 406, 225, -1,
      225, 406, 407, -1,
      225, 407, 402, -1,
      404, 251, 408, -1,
      408, 251, 250, -1,
      408, 250, 409, -1,
      409, 250, 410, -1,
      410, 250, 249, -1,
      410, 249, 411, -1,
      411, 249, 412, -1,
      412, 249, 229, -1,
      412, 229, 413, -1,
      227, 414, 229, -1,
      229, 414, 415, -1,
      229, 415, 413, -1,
      416, 417, 233, -1,
      233, 417, 418, -1,
      233, 418, 227, -1,
      227, 418, 419, -1,
      227, 419, 414, -1,
      416, 233, 420, -1,
      420, 233, 232, -1,
      420, 232, 421, -1,
      421, 232, 422, -1,
      422, 232, 245, -1,
      422, 245, 423, -1,
      244, 424, 245, -1,
      245, 424, 425, -1,
      245, 425, 423, -1,
      265, 426, 244, -1,
      244, 426, 427, -1,
      244, 427, 424, -1,
      264, 428, 265, -1,
      265, 428, 429, -1,
      265, 429, 426, -1,
      276, 430, 264, -1,
      264, 430, 431, -1,
      264, 431, 428, -1,
      432, 433, 275, -1,
      275, 433, 434, -1,
      275, 434, 276, -1,
      276, 434, 435, -1,
      276, 435, 430, -1,
      432, 275, 436, -1,
      436, 275, 284, -1,
      436, 284, 437, -1,
      437, 284, 438, -1,
      438, 284, 283, -1,
      438, 283, 439, -1,
      440, 441, 281, -1,
      281, 441, 442, -1,
      281, 442, 283, -1,
      283, 442, 443, -1,
      283, 443, 439, -1,
      286, 444, 287, -1,
      287, 444, 445, -1,
      287, 445, 281, -1,
      281, 445, 446, -1,
      281, 446, 440, -1,
      285, 447, 286, -1,
      286, 447, 448, -1,
      286, 448, 444, -1,
      449, 450, 234, -1,
      234, 450, 451, -1,
      234, 451, 285, -1,
      285, 451, 452, -1,
      285, 452, 447, -1,
      449, 234, 453, -1,
      453, 234, 254, -1,
      453, 254, 454, -1,
      454, 254, 455, -1,
      455, 254, 253, -1,
      455, 253, 456, -1,
      279, 457, 253, -1,
      253, 457, 458, -1,
      253, 458, 456, -1,
      459, 460, 279, -1,
      279, 460, 461, -1,
      279, 461, 457, -1,
      459, 279, 462, -1,
      462, 279, 278, -1,
      462, 278, 463, -1,
      463, 278, 277, -1,
      463, 277, 464, -1,
      464, 277, 465, -1,
      465, 277, 269, -1,
      465, 269, 466, -1,
      466, 269, 467, -1,
      467, 269, 267, -1,
      467, 267, 468, -1,
      273, 469, 267, -1,
      267, 469, 470, -1,
      267, 470, 468, -1,
      471, 472, 272, -1,
      272, 472, 473, -1,
      272, 473, 273, -1,
      273, 473, 474, -1,
      273, 474, 469, -1,
      471, 272, 475, -1,
      475, 272, 271, -1,
      475, 271, 476, -1,
      476, 271, 477, -1,
      477, 271, 220, -1,
      477, 220, 478, -1,
      377, 479, 248, -1,
      248, 479, 480, -1,
      248, 480, 220, -1,
      220, 480, 481, -1,
      220, 481, 478, -1,
      482, 483, 484, -1,
      485, 486, 487, -1,
      488, 489, 490, -1,
      491, 492, 493, -1,
      494, 495, 496, -1,
      497, 498, 499, -1,
      500, 501, 502, -1,
      503, 504, 505, -1,
      506, 507, 508, -1,
      509, 510, 511, -1,
      512, 513, 514, -1,
      515, 516, 517, -1,
      518, 519, 520, -1,
      521, 522, 523, -1,
      524, 525, 526, -1,
      527, 528, 529, -1,
      530, 531, 532, -1,
      533, 534, 535, -1,
      536, 537, 538, -1,
      539, 540, 541, -1,
      542, 543, 544, -1,
      545, 546, 547, -1,
      548, 549, 550, -1,
      551, 552, 553, -1,
      554, 555, 556, -1,
      557, 558, 559, -1,
      560, 561, 562, -1,
      563, 564, 565, -1,
      566, 567, 568, -1,
      569, 570, 571, -1,
      572, 573, 574, -1,
      575, 576, 577, -1,
      578, 579, 580, -1,
      581, 582, 583, -1,
      584, 585, 586, -1,
      587, 588, 589, -1,
      590, 591, 592, -1,
      593, 594, 595, -1,
      596, 597, 598, -1,
      599, 600, 601, -1,
      602, 603, 604, -1,
      605, 606, 607, -1,
      608, 609, 610, -1,
      611, 612, 613, -1,
      614, 615, 616, -1,
      617, 618, 619, -1,
      620, 621, 622, -1,
      623, 624, 625, -1,
      626, 627, 628, -1,
      629, 630, 631, -1,
      632, 633, 634, -1,
      635, 636, 637, -1,
      638, 639, 640, -1,
      641, 642, 643, -1,
      644, 645, 646, -1,
      647, 648, 649, -1,
      650, 651, 652, -1,
      653, 654, 655, -1,
      427, 426, 656, -1,
      416, 420, 657, -1,
      415, 414, 658, -1,
      409, 410, 659, -1,
      404, 408, 660, -1,
      407, 406, 661, -1,
      399, 400, 662, -1,
      397, 396, 663, -1,
      393, 392, 664, -1,
      391, 390, 665, -1,
      387, 388, 666, -1,
      385, 384, 667, -1,
      376, 378, 668, -1,
      479, 377, 669, -1,
      481, 480, 670, -1,
      476, 477, 671, -1,
      470, 469, 672, -1,
      461, 460, 673, -1,
      454, 455, 674, -1,
      452, 451, 675, -1,
      445, 444, 676, -1,
      441, 440, 677, -1,
      437, 438, 678, -1,
      435, 434, 679, -1,
      435, 679, 430, -1,
      437, 678, 436, -1,
      441, 677, 442, -1,
      452, 675, 447, -1,
      454, 674, 453, -1,
      461, 673, 457, -1,
      465, 655, 464, -1,
      464, 655, 654, -1,
      464, 654, 463, -1,
      463, 654, 462, -1,
      465, 466, 680, -1,
      680, 466, 467, -1,
      680, 467, 468, -1,
      681, 468, 470, -1,
      469, 474, 682, -1,
      682, 474, 473, -1,
      682, 473, 472, -1,
      683, 472, 471, -1,
      476, 671, 475, -1,
      385, 667, 380, -1,
      387, 666, 386, -1,
      399, 662, 398, -1,
      407, 661, 402, -1,
      411, 412, 651, -1,
      651, 412, 413, -1,
      651, 413, 652, -1,
      652, 413, 415, -1,
      414, 419, 684, -1,
      684, 419, 418, -1,
      684, 418, 417, -1,
      685, 417, 416, -1,
      420, 421, 686, -1,
      686, 421, 422, -1,
      686, 422, 423, -1,
      427, 656, 424, -1,
      459, 462, 687, -1,
      687, 462, 654, -1,
      687, 654, 688, -1,
      688, 654, 653, -1,
      688, 653, 689, -1,
      410, 411, 659, -1,
      659, 411, 651, -1,
      659, 651, 690, -1,
      690, 651, 650, -1,
      690, 650, 691, -1,
      460, 459, 673, -1,
      673, 459, 687, -1,
      673, 687, 692, -1,
      692, 687, 688, -1,
      692, 688, 693, -1,
      693, 688, 689, -1,
      693, 689, 694, -1,
      408, 409, 660, -1,
      660, 409, 659, -1,
      660, 659, 695, -1,
      695, 659, 690, -1,
      695, 690, 696, -1,
      696, 690, 691, -1,
      696, 691, 697, -1,
      458, 457, 698, -1,
      698, 457, 673, -1,
      698, 673, 699, -1,
      699, 673, 692, -1,
      699, 692, 700, -1,
      700, 692, 693, -1,
      700, 693, 701, -1,
      701, 693, 694, -1,
      701, 694, 595, -1,
      405, 404, 702, -1,
      702, 404, 660, -1,
      702, 660, 703, -1,
      703, 660, 695, -1,
      703, 695, 704, -1,
      704, 695, 696, -1,
      704, 696, 705, -1,
      705, 696, 697, -1,
      705, 697, 511, -1,
      706, 707, 708, -1,
      709, 710, 711, -1,
      645, 647, 646, -1,
      646, 647, 649, -1,
      646, 649, 712, -1,
      712, 649, 713, -1,
      712, 713, 714, -1,
      714, 713, 715, -1,
      714, 715, 716, -1,
      716, 715, 717, -1,
      716, 717, 718, -1,
      718, 717, 719, -1,
      718, 719, 428, -1,
      428, 719, 429, -1,
      642, 644, 643, -1,
      643, 644, 646, -1,
      643, 646, 720, -1,
      720, 646, 712, -1,
      720, 712, 721, -1,
      721, 712, 714, -1,
      721, 714, 722, -1,
      722, 714, 716, -1,
      722, 716, 723, -1,
      723, 716, 718, -1,
      723, 718, 431, -1,
      431, 718, 428, -1,
      639, 641, 640, -1,
      640, 641, 643, -1,
      640, 643, 724, -1,
      724, 643, 720, -1,
      724, 720, 725, -1,
      725, 720, 721, -1,
      725, 721, 726, -1,
      726, 721, 722, -1,
      726, 722, 679, -1,
      679, 722, 723, -1,
      679, 723, 430, -1,
      430, 723, 431, -1,
      636, 638, 637, -1,
      637, 638, 640, -1,
      637, 640, 727, -1,
      727, 640, 724, -1,
      727, 724, 728, -1,
      728, 724, 725, -1,
      728, 725, 729, -1,
      729, 725, 726, -1,
      729, 726, 730, -1,
      730, 726, 679, -1,
      730, 679, 433, -1,
      433, 679, 434, -1,
      633, 635, 634, -1,
      634, 635, 637, -1,
      634, 637, 731, -1,
      731, 637, 727, -1,
      731, 727, 732, -1,
      732, 727, 728, -1,
      732, 728, 733, -1,
      733, 728, 729, -1,
      733, 729, 734, -1,
      734, 729, 730, -1,
      734, 730, 432, -1,
      432, 730, 433, -1,
      630, 632, 631, -1,
      631, 632, 634, -1,
      631, 634, 735, -1,
      735, 634, 731, -1,
      735, 731, 736, -1,
      736, 731, 732, -1,
      736, 732, 737, -1,
      737, 732, 733, -1,
      737, 733, 678, -1,
      678, 733, 734, -1,
      678, 734, 436, -1,
      436, 734, 432, -1,
      627, 629, 628, -1,
      628, 629, 631, -1,
      628, 631, 738, -1,
      738, 631, 735, -1,
      738, 735, 739, -1,
      739, 735, 736, -1,
      739, 736, 740, -1,
      740, 736, 737, -1,
      740, 737, 741, -1,
      741, 737, 678, -1,
      741, 678, 439, -1,
      439, 678, 438, -1,
      624, 626, 625, -1,
      625, 626, 628, -1,
      625, 628, 742, -1,
      742, 628, 738, -1,
      742, 738, 743, -1,
      743, 738, 739, -1,
      743, 739, 744, -1,
      744, 739, 740, -1,
      744, 740, 745, -1,
      745, 740, 741, -1,
      745, 741, 443, -1,
      443, 741, 439, -1,
      621, 623, 622, -1,
      622, 623, 625, -1,
      622, 625, 746, -1,
      746, 625, 742, -1,
      746, 742, 747, -1,
      747, 742, 743, -1,
      747, 743, 748, -1,
      748, 743, 744, -1,
      748, 744, 677, -1,
      677, 744, 745, -1,
      677, 745, 442, -1,
      442, 745, 443, -1,
      618, 620, 619, -1,
      619, 620, 622, -1,
      619, 622, 749, -1,
      749, 622, 746, -1,
      749, 746, 750, -1,
      750, 746, 747, -1,
      750, 747, 751, -1,
      751, 747, 748, -1,
      751, 748, 752, -1,
      752, 748, 677, -1,
      752, 677, 446, -1,
      446, 677, 440, -1,
      615, 617, 616, -1,
      616, 617, 619, -1,
      616, 619, 753, -1,
      753, 619, 749, -1,
      753, 749, 754, -1,
      754, 749, 750, -1,
      754, 750, 755, -1,
      755, 750, 751, -1,
      755, 751, 676, -1,
      676, 751, 752, -1,
      676, 752, 445, -1,
      445, 752, 446, -1,
      612, 614, 613, -1,
      613, 614, 616, -1,
      613, 616, 756, -1,
      756, 616, 753, -1,
      756, 753, 757, -1,
      757, 753, 754, -1,
      757, 754, 758, -1,
      758, 754, 755, -1,
      758, 755, 759, -1,
      759, 755, 676, -1,
      759, 676, 448, -1,
      448, 676, 444, -1,
      609, 611, 610, -1,
      610, 611, 613, -1,
      610, 613, 760, -1,
      760, 613, 756, -1,
      760, 756, 761, -1,
      761, 756, 757, -1,
      761, 757, 762, -1,
      762, 757, 758, -1,
      762, 758, 675, -1,
      675, 758, 759, -1,
      675, 759, 447, -1,
      447, 759, 448, -1,
      606, 608, 607, -1,
      607, 608, 610, -1,
      607, 610, 763, -1,
      763, 610, 760, -1,
      763, 760, 764, -1,
      764, 760, 761, -1,
      764, 761, 765, -1,
      765, 761, 762, -1,
      765, 762, 766, -1,
      766, 762, 675, -1,
      766, 675, 450, -1,
      450, 675, 451, -1,
      603, 605, 604, -1,
      604, 605, 607, -1,
      604, 607, 767, -1,
      767, 607, 763, -1,
      767, 763, 768, -1,
      768, 763, 764, -1,
      768, 764, 769, -1,
      769, 764, 765, -1,
      769, 765, 770, -1,
      770, 765, 766, -1,
      770, 766, 449, -1,
      449, 766, 450, -1,
      600, 602, 601, -1,
      601, 602, 604, -1,
      601, 604, 771, -1,
      771, 604, 767, -1,
      771, 767, 772, -1,
      772, 767, 768, -1,
      772, 768, 773, -1,
      773, 768, 769, -1,
      773, 769, 674, -1,
      674, 769, 770, -1,
      674, 770, 453, -1,
      453, 770, 449, -1,
      455, 456, 674, -1,
      674, 456, 774, -1,
      674, 774, 773, -1,
      773, 774, 775, -1,
      773, 775, 772, -1,
      772, 775, 776, -1,
      772, 776, 771, -1,
      771, 776, 777, -1,
      771, 777, 601, -1,
      601, 777, 598, -1,
      601, 598, 599, -1,
      599, 598, 597, -1,
      456, 458, 774, -1,
      774, 458, 698, -1,
      774, 698, 775, -1,
      775, 698, 699, -1,
      775, 699, 776, -1,
      776, 699, 700, -1,
      776, 700, 777, -1,
      777, 700, 701, -1,
      777, 701, 598, -1,
      598, 701, 595, -1,
      598, 595, 596, -1,
      596, 595, 594, -1,
      465, 680, 655, -1,
      655, 680, 778, -1,
      655, 778, 653, -1,
      653, 778, 779, -1,
      653, 779, 689, -1,
      689, 779, 780, -1,
      689, 780, 694, -1,
      694, 780, 592, -1,
      694, 592, 595, -1,
      595, 592, 591, -1,
      595, 591, 593, -1,
      468, 681, 680, -1,
      680, 681, 781, -1,
      680, 781, 778, -1,
      778, 781, 782, -1,
      778, 782, 779, -1,
      779, 782, 783, -1,
      779, 783, 780, -1,
      780, 783, 589, -1,
      780, 589, 592, -1,
      592, 589, 588, -1,
      592, 588, 590, -1,
      470, 672, 681, -1,
      681, 672, 784, -1,
      681, 784, 781, -1,
      781, 784, 785, -1,
      781, 785, 782, -1,
      782, 785, 786, -1,
      782, 786, 783, -1,
      783, 786, 586, -1,
      783, 586, 589, -1,
      589, 586, 585, -1,
      589, 585, 587, -1,
      469, 682, 672, -1,
      672, 682, 787, -1,
      672, 787, 784, -1,
      784, 787, 788, -1,
      784, 788, 785, -1,
      785, 788, 789, -1,
      785, 789, 786, -1,
      786, 789, 583, -1,
      786, 583, 586, -1,
      586, 583, 582, -1,
      586, 582, 584, -1,
      472, 683, 682, -1,
      682, 683, 790, -1,
      682, 790, 787, -1,
      787, 790, 791, -1,
      787, 791, 788, -1,
      788, 791, 792, -1,
      788, 792, 789, -1,
      789, 792, 580, -1,
      789, 580, 583, -1,
      583, 580, 579, -1,
      583, 579, 581, -1,
      471, 793, 683, -1,
      683, 793, 794, -1,
      683, 794, 790, -1,
      790, 794, 795, -1,
      790, 795, 791, -1,
      791, 795, 796, -1,
      791, 796, 792, -1,
      792, 796, 577, -1,
      792, 577, 580, -1,
      580, 577, 576, -1,
      580, 576, 578, -1,
      793, 797, 794, -1,
      794, 797, 798, -1,
      794, 798, 795, -1,
      795, 798, 799, -1,
      795, 799, 796, -1,
      796, 799, 574, -1,
      796, 574, 577, -1,
      577, 574, 573, -1,
      577, 573, 575, -1,
      797, 800, 798, -1,
      798, 800, 801, -1,
      798, 801, 799, -1,
      799, 801, 571, -1,
      799, 571, 574, -1,
      574, 571, 570, -1,
      574, 570, 572, -1,
      800, 706, 801, -1,
      801, 706, 708, -1,
      801, 708, 571, -1,
      571, 708, 802, -1,
      571, 802, 569, -1,
      803, 804, 805, -1,
      805, 804, 707, -1,
      805, 707, 806, -1,
      806, 707, 706, -1,
      806, 706, 807, -1,
      807, 706, 800, -1,
      807, 800, 808, -1,
      808, 800, 797, -1,
      808, 797, 671, -1,
      671, 797, 793, -1,
      671, 793, 475, -1,
      475, 793, 471, -1,
      804, 809, 707, -1,
      707, 809, 810, -1,
      707, 810, 708, -1,
      708, 810, 811, -1,
      708, 811, 802, -1,
      567, 803, 568, -1,
      568, 803, 805, -1,
      568, 805, 812, -1,
      812, 805, 806, -1,
      812, 806, 813, -1,
      813, 806, 807, -1,
      813, 807, 814, -1,
      814, 807, 808, -1,
      814, 808, 815, -1,
      815, 808, 671, -1,
      815, 671, 478, -1,
      478, 671, 477, -1,
      564, 566, 565, -1,
      565, 566, 568, -1,
      565, 568, 816, -1,
      816, 568, 812, -1,
      816, 812, 817, -1,
      817, 812, 813, -1,
      817, 813, 818, -1,
      818, 813, 814, -1,
      818, 814, 670, -1,
      670, 814, 815, -1,
      670, 815, 481, -1,
      481, 815, 478, -1,
      819, 820, 821, -1,
      821, 820, 822, -1,
      822, 563, 821, -1,
      821, 563, 565, -1,
      821, 565, 823, -1,
      823, 565, 816, -1,
      823, 816, 824, -1,
      824, 816, 817, -1,
      824, 817, 825, -1,
      825, 817, 818, -1,
      825, 818, 669, -1,
      669, 818, 670, -1,
      669, 670, 479, -1,
      479, 670, 480, -1,
      561, 819, 562, -1,
      562, 819, 821, -1,
      562, 821, 826, -1,
      826, 821, 823, -1,
      826, 823, 827, -1,
      827, 823, 824, -1,
      827, 824, 828, -1,
      828, 824, 825, -1,
      828, 825, 668, -1,
      668, 825, 669, -1,
      668, 669, 376, -1,
      376, 669, 377, -1,
      558, 560, 559, -1,
      559, 560, 562, -1,
      559, 562, 829, -1,
      829, 562, 826, -1,
      829, 826, 830, -1,
      830, 826, 827, -1,
      830, 827, 831, -1,
      831, 827, 828, -1,
      831, 828, 832, -1,
      832, 828, 668, -1,
      832, 668, 379, -1,
      379, 668, 378, -1,
      555, 557, 556, -1,
      556, 557, 559, -1,
      556, 559, 833, -1,
      833, 559, 829, -1,
      833, 829, 834, -1,
      834, 829, 830, -1,
      834, 830, 835, -1,
      835, 830, 831, -1,
      835, 831, 836, -1,
      836, 831, 832, -1,
      836, 832, 381, -1,
      381, 832, 379, -1,
      552, 554, 553, -1,
      553, 554, 556, -1,
      553, 556, 837, -1,
      837, 556, 833, -1,
      837, 833, 838, -1,
      838, 833, 834, -1,
      838, 834, 839, -1,
      839, 834, 835, -1,
      839, 835, 667, -1,
      667, 835, 836, -1,
      667, 836, 380, -1,
      380, 836, 381, -1,
      549, 551, 550, -1,
      550, 551, 553, -1,
      550, 553, 840, -1,
      840, 553, 837, -1,
      840, 837, 841, -1,
      841, 837, 838, -1,
      841, 838, 842, -1,
      842, 838, 839, -1,
      842, 839, 843, -1,
      843, 839, 667, -1,
      843, 667, 383, -1,
      383, 667, 384, -1,
      546, 548, 547, -1,
      547, 548, 550, -1,
      547, 550, 844, -1,
      844, 550, 840, -1,
      844, 840, 845, -1,
      845, 840, 841, -1,
      845, 841, 846, -1,
      846, 841, 842, -1,
      846, 842, 847, -1,
      847, 842, 843, -1,
      847, 843, 382, -1,
      382, 843, 383, -1,
      543, 545, 544, -1,
      544, 545, 547, -1,
      544, 547, 848, -1,
      848, 547, 844, -1,
      848, 844, 849, -1,
      849, 844, 845, -1,
      849, 845, 850, -1,
      850, 845, 846, -1,
      850, 846, 666, -1,
      666, 846, 847, -1,
      666, 847, 386, -1,
      386, 847, 382, -1,
      540, 542, 541, -1,
      541, 542, 544, -1,
      541, 544, 851, -1,
      851, 544, 848, -1,
      851, 848, 852, -1,
      852, 848, 849, -1,
      852, 849, 853, -1,
      853, 849, 850, -1,
      853, 850, 854, -1,
      854, 850, 666, -1,
      854, 666, 389, -1,
      389, 666, 388, -1,
      537, 539, 538, -1,
      538, 539, 541, -1,
      538, 541, 855, -1,
      855, 541, 851, -1,
      855, 851, 856, -1,
      856, 851, 852, -1,
      856, 852, 857, -1,
      857, 852, 853, -1,
      857, 853, 665, -1,
      665, 853, 854, -1,
      665, 854, 391, -1,
      391, 854, 389, -1,
      534, 536, 535, -1,
      535, 536, 538, -1,
      535, 538, 858, -1,
      858, 538, 855, -1,
      858, 855, 859, -1,
      859, 855, 856, -1,
      859, 856, 860, -1,
      860, 856, 857, -1,
      860, 857, 664, -1,
      664, 857, 665, -1,
      664, 665, 393, -1,
      393, 665, 390, -1,
      531, 533, 532, -1,
      532, 533, 535, -1,
      532, 535, 861, -1,
      861, 535, 858, -1,
      861, 858, 862, -1,
      862, 858, 859, -1,
      862, 859, 863, -1,
      863, 859, 860, -1,
      863, 860, 663, -1,
      663, 860, 664, -1,
      663, 664, 397, -1,
      397, 664, 392, -1,
      528, 530, 529, -1,
      529, 530, 532, -1,
      529, 532, 864, -1,
      864, 532, 861, -1,
      864, 861, 865, -1,
      865, 861, 862, -1,
      865, 862, 866, -1,
      866, 862, 863, -1,
      866, 863, 867, -1,
      867, 863, 663, -1,
      867, 663, 395, -1,
      395, 663, 396, -1,
      525, 527, 526, -1,
      526, 527, 529, -1,
      526, 529, 868, -1,
      868, 529, 864, -1,
      868, 864, 869, -1,
      869, 864, 865, -1,
      869, 865, 870, -1,
      870, 865, 866, -1,
      870, 866, 871, -1,
      871, 866, 867, -1,
      871, 867, 394, -1,
      394, 867, 395, -1,
      522, 524, 523, -1,
      523, 524, 526, -1,
      523, 526, 872, -1,
      872, 526, 868, -1,
      872, 868, 873, -1,
      873, 868, 869, -1,
      873, 869, 874, -1,
      874, 869, 870, -1,
      874, 870, 662, -1,
      662, 870, 871, -1,
      662, 871, 398, -1,
      398, 871, 394, -1,
      519, 521, 520, -1,
      520, 521, 523, -1,
      520, 523, 875, -1,
      875, 523, 872, -1,
      875, 872, 876, -1,
      876, 872, 873, -1,
      876, 873, 877, -1,
      877, 873, 874, -1,
      877, 874, 878, -1,
      878, 874, 662, -1,
      878, 662, 401, -1,
      401, 662, 400, -1,
      401, 403, 878, -1,
      878, 403, 879, -1,
      878, 879, 877, -1,
      877, 879, 880, -1,
      877, 880, 876, -1,
      876, 880, 881, -1,
      876, 881, 875, -1,
      875, 881, 882, -1,
      875, 882, 520, -1,
      520, 882, 517, -1,
      520, 517, 518, -1,
      518, 517, 516, -1,
      403, 402, 879, -1,
      879, 402, 661, -1,
      879, 661, 880, -1,
      880, 661, 883, -1,
      880, 883, 881, -1,
      881, 883, 884, -1,
      881, 884, 882, -1,
      882, 884, 885, -1,
      882, 885, 517, -1,
      517, 885, 514, -1,
      517, 514, 515, -1,
      515, 514, 513, -1,
      406, 405, 661, -1,
      661, 405, 702, -1,
      661, 702, 883, -1,
      883, 702, 703, -1,
      883, 703, 884, -1,
      884, 703, 704, -1,
      884, 704, 885, -1,
      885, 704, 705, -1,
      885, 705, 514, -1,
      514, 705, 511, -1,
      514, 511, 512, -1,
      512, 511, 510, -1,
      415, 658, 652, -1,
      652, 658, 886, -1,
      652, 886, 650, -1,
      650, 886, 887, -1,
      650, 887, 691, -1,
      691, 887, 888, -1,
      691, 888, 697, -1,
      697, 888, 508, -1,
      697, 508, 511, -1,
      511, 508, 507, -1,
      511, 507, 509, -1,
      414, 684, 658, -1,
      658, 684, 889, -1,
      658, 889, 886, -1,
      886, 889, 890, -1,
      886, 890, 887, -1,
      887, 890, 891, -1,
      887, 891, 888, -1,
      888, 891, 505, -1,
      888, 505, 508, -1,
      508, 505, 504, -1,
      508, 504, 506, -1,
      417, 685, 684, -1,
      684, 685, 892, -1,
      684, 892, 889, -1,
      889, 892, 893, -1,
      889, 893, 890, -1,
      890, 893, 894, -1,
      890, 894, 891, -1,
      891, 894, 502, -1,
      891, 502, 505, -1,
      505, 502, 501, -1,
      505, 501, 503, -1,
      416, 657, 685, -1,
      685, 657, 895, -1,
      685, 895, 892, -1,
      892, 895, 896, -1,
      892, 896, 893, -1,
      893, 896, 897, -1,
      893, 897, 894, -1,
      894, 897, 499, -1,
      894, 499, 502, -1,
      502, 499, 498, -1,
      502, 498, 500, -1,
      420, 686, 657, -1,
      657, 686, 898, -1,
      657, 898, 895, -1,
      895, 898, 899, -1,
      895, 899, 896, -1,
      896, 899, 900, -1,
      896, 900, 897, -1,
      897, 900, 496, -1,
      897, 496, 499, -1,
      499, 496, 495, -1,
      499, 495, 497, -1,
      423, 901, 686, -1,
      686, 901, 902, -1,
      686, 902, 898, -1,
      898, 902, 903, -1,
      898, 903, 899, -1,
      899, 903, 904, -1,
      899, 904, 900, -1,
      900, 904, 493, -1,
      900, 493, 496, -1,
      496, 493, 492, -1,
      496, 492, 494, -1,
      901, 905, 902, -1,
      902, 905, 906, -1,
      902, 906, 903, -1,
      903, 906, 907, -1,
      903, 907, 904, -1,
      904, 907, 490, -1,
      904, 490, 493, -1,
      493, 490, 489, -1,
      493, 489, 491, -1,
      905, 908, 906, -1,
      906, 908, 909, -1,
      906, 909, 907, -1,
      907, 909, 487, -1,
      907, 487, 490, -1,
      490, 487, 486, -1,
      490, 486, 488, -1,
      908, 709, 909, -1,
      909, 709, 711, -1,
      909, 711, 487, -1,
      487, 711, 910, -1,
      487, 910, 485, -1,
      911, 912, 913, -1,
      913, 912, 710, -1,
      913, 710, 914, -1,
      914, 710, 709, -1,
      914, 709, 915, -1,
      915, 709, 908, -1,
      915, 908, 916, -1,
      916, 908, 905, -1,
      916, 905, 917, -1,
      917, 905, 901, -1,
      917, 901, 425, -1,
      425, 901, 423, -1,
      912, 918, 710, -1,
      710, 918, 919, -1,
      710, 919, 711, -1,
      711, 919, 920, -1,
      711, 920, 910, -1,
      483, 911, 484, -1,
      484, 911, 913, -1,
      484, 913, 921, -1,
      921, 913, 914, -1,
      921, 914, 922, -1,
      922, 914, 915, -1,
      922, 915, 923, -1,
      923, 915, 916, -1,
      923, 916, 656, -1,
      656, 916, 917, -1,
      656, 917, 424, -1,
      424, 917, 425, -1,
      648, 482, 649, -1,
      649, 482, 484, -1,
      649, 484, 713, -1,
      713, 484, 921, -1,
      713, 921, 715, -1,
      715, 921, 922, -1,
      715, 922, 717, -1,
      717, 922, 923, -1,
      717, 923, 719, -1,
      719, 923, 656, -1,
      719, 656, 429, -1,
      429, 656, 426, -1,
      116, 118, 924, -1,
      126, 128, 925, -1,
      136, 138, 926, -1,
      140, 142, 927, -1,
      150, 152, 928, -1,
      160, 162, 929, -1,
      164, 166, 930, -1,
      168, 170, 931, -1,
      174, 176, 932, -1,
      184, 186, 933, -1,
      194, 196, 934, -1,
      198, 200, 935, -1,
      208, 210, 936, -1,
      218, 0, 937, -1,
      2, 4, 938, -1,
      12, 14, 939, -1,
      22, 24, 940, -1,
      26, 28, 941, -1,
      30, 32, 942, -1,
      36, 38, 943, -1,
      46, 48, 944, -1,
      56, 58, 945, -1,
      60, 62, 946, -1,
      70, 72, 947, -1,
      80, 82, 948, -1,
      84, 86, 949, -1,
      88, 90, 950, -1,
      94, 96, 951, -1,
      104, 106, 952, -1,
      483, 482, 953, -1,
      510, 509, 954, -1,
      513, 512, 955, -1,
      516, 515, 956, -1,
      519, 518, 957, -1,
      522, 521, 958, -1,
      525, 524, 959, -1,
      528, 527, 960, -1,
      531, 530, 961, -1,
      534, 533, 962, -1,
      537, 536, 963, -1,
      540, 539, 964, -1,
      543, 542, 965, -1,
      546, 545, 966, -1,
      549, 548, 967, -1,
      552, 551, 968, -1,
      555, 554, 969, -1,
      558, 557, 970, -1,
      561, 560, 971, -1,
      820, 819, 972, -1,
      564, 563, 973, -1,
      591, 590, 974, -1,
      594, 593, 975, -1,
      597, 596, 976, -1,
      600, 599, 977, -1,
      603, 602, 978, -1,
      606, 605, 979, -1,
      609, 608, 980, -1,
      612, 611, 981, -1,
      615, 614, 982, -1,
      618, 617, 983, -1,
      621, 620, 984, -1,
      624, 623, 985, -1,
      627, 626, 986, -1,
      630, 629, 987, -1,
      633, 632, 988, -1,
      636, 635, 989, -1,
      639, 638, 990, -1,
      642, 641, 991, -1,
      645, 644, 992, -1,
      587, 585, 993, -1,
      584, 582, 994, -1,
      581, 579, 995, -1,
      578, 576, 996, -1,
      575, 573, 997, -1,
      572, 570, 998, -1,
      569, 802, 999, -1,
      811, 810, 1000, -1,
      809, 804, 1001, -1,
      803, 567, 1002, -1,
      564, 973, 566, -1,
      506, 504, 1003, -1,
      503, 501, 1004, -1,
      500, 498, 1005, -1,
      497, 495, 1006, -1,
      494, 492, 1007, -1,
      491, 489, 1008, -1,
      488, 486, 1009, -1,
      485, 910, 1010, -1,
      920, 919, 1011, -1,
      918, 912, 1012, -1,
      483, 953, 911, -1,
      647, 645, 1013, -1,
      1013, 645, 992, -1,
      1013, 992, 1014, -1,
      1014, 992, 1015, -1,
      1014, 1015, 1016, -1,
      1016, 1015, 1017, -1,
      1016, 1017, 1018, -1,
      1018, 1017, 1019, -1,
      1018, 1019, 1020, -1,
      1020, 1019, 952, -1,
      638, 636, 990, -1,
      990, 636, 989, -1,
      990, 989, 1021, -1,
      1021, 989, 1022, -1,
      1021, 1022, 1023, -1,
      1023, 1022, 1024, -1,
      1023, 1024, 1025, -1,
      1025, 1024, 1026, -1,
      1025, 1026, 1027, -1,
      1027, 1026, 951, -1,
      617, 615, 983, -1,
      983, 615, 982, -1,
      983, 982, 1028, -1,
      1028, 982, 1029, -1,
      1028, 1029, 1030, -1,
      1030, 1029, 1031, -1,
      1030, 1031, 1032, -1,
      1032, 1031, 1033, -1,
      1032, 1033, 1034, -1,
      1034, 1033, 947, -1,
      608, 606, 980, -1,
      980, 606, 979, -1,
      980, 979, 1035, -1,
      1035, 979, 1036, -1,
      1035, 1036, 1037, -1,
      1037, 1036, 1038, -1,
      1037, 1038, 1039, -1,
      1039, 1038, 1040, -1,
      1039, 1040, 1041, -1,
      1041, 1040, 946, -1,
      596, 594, 976, -1,
      976, 594, 975, -1,
      976, 975, 1042, -1,
      1042, 975, 1043, -1,
      1042, 1043, 1044, -1,
      1044, 1043, 1045, -1,
      1044, 1045, 1046, -1,
      1046, 1045, 1047, -1,
      1046, 1047, 1048, -1,
      1048, 1047, 944, -1,
      588, 587, 1049, -1,
      1049, 587, 993, -1,
      1049, 993, 1050, -1,
      1050, 993, 1051, -1,
      1050, 1051, 1052, -1,
      1052, 1051, 1053, -1,
      1052, 1053, 1054, -1,
      1054, 1053, 1055, -1,
      1054, 1055, 1056, -1,
      1056, 1055, 943, -1,
      802, 811, 999, -1,
      999, 811, 1000, -1,
      999, 1000, 1057, -1,
      1057, 1000, 1058, -1,
      1057, 1058, 1059, -1,
      1059, 1058, 1060, -1,
      1059, 1060, 1061, -1,
      1061, 1060, 1062, -1,
      1061, 1062, 1063, -1,
      1063, 1062, 939, -1,
      567, 566, 1002, -1,
      1002, 566, 973, -1,
      1002, 973, 1064, -1,
      1064, 973, 1065, -1,
      1064, 1065, 1066, -1,
      1066, 1065, 1067, -1,
      1066, 1067, 1068, -1,
      1068, 1067, 1069, -1,
      1068, 1069, 1070, -1,
      1070, 1069, 938, -1,
      560, 558, 971, -1,
      971, 558, 970, -1,
      971, 970, 1071, -1,
      1071, 970, 1072, -1,
      1071, 1072, 1073, -1,
      1073, 1072, 1074, -1,
      1073, 1074, 1075, -1,
      1075, 1074, 1076, -1,
      1075, 1076, 1077, -1,
      1077, 1076, 936, -1,
      551, 549, 968, -1,
      968, 549, 967, -1,
      968, 967, 1078, -1,
      1078, 967, 1079, -1,
      1078, 1079, 1080, -1,
      1080, 1079, 1081, -1,
      1080, 1081, 1082, -1,
      1082, 1081, 1083, -1,
      1082, 1083, 1084, -1,
      1084, 1083, 935, -1,
      539, 537, 964, -1,
      964, 537, 963, -1,
      964, 963, 1085, -1,
      1085, 963, 1086, -1,
      1085, 1086, 1087, -1,
      1087, 1086, 1088, -1,
      1087, 1088, 1089, -1,
      1089, 1088, 1090, -1,
      1089, 1090, 1091, -1,
      1091, 1090, 933, -1,
      530, 528, 961, -1,
      961, 528, 960, -1,
      961, 960, 1092, -1,
      1092, 960, 1093, -1,
      1092, 1093, 1094, -1,
      1094, 1093, 1095, -1,
      1094, 1095, 1096, -1,
      1096, 1095, 1097, -1,
      1096, 1097, 1098, -1,
      1098, 1097, 932, -1,
      509, 507, 954, -1,
      954, 507, 1099, -1,
      954, 1099, 1100, -1,
      1100, 1099, 1101, -1,
      1100, 1101, 1102, -1,
      1102, 1101, 1103, -1,
      1102, 1103, 1104, -1,
      1104, 1103, 1105, -1,
      1104, 1105, 1106, -1,
      1106, 1105, 928, -1,
      501, 500, 1004, -1,
      1004, 500, 1005, -1,
      1004, 1005, 1107, -1,
      1107, 1005, 1108, -1,
      1107, 1108, 1109, -1,
      1109, 1108, 1110, -1,
      1109, 1110, 1111, -1,
      1111, 1110, 1112, -1,
      1111, 1112, 1113, -1,
      1113, 1112, 927, -1,
      489, 488, 1008, -1,
      1008, 488, 1009, -1,
      1008, 1009, 1114, -1,
      1114, 1009, 1115, -1,
      1114, 1115, 1116, -1,
      1116, 1115, 1117, -1,
      1116, 1117, 1118, -1,
      1118, 1117, 1119, -1,
      1118, 1119, 1120, -1,
      1120, 1119, 925, -1,
      919, 918, 1011, -1,
      1011, 918, 1012, -1,
      1011, 1012, 1121, -1,
      1121, 1012, 1122, -1,
      1121, 1122, 1123, -1,
      1123, 1122, 1124, -1,
      1123, 1124, 1125, -1,
      1125, 1124, 1126, -1,
      1125, 1126, 1127, -1,
      1127, 1126, 924, -1,
      648, 647, 1128, -1,
      1128, 647, 1013, -1,
      1128, 1013, 1129, -1,
      1129, 1013, 1014, -1,
      1129, 1014, 1130, -1,
      1130, 1014, 1016, -1,
      1130, 1016, 1131, -1,
      1131, 1016, 1018, -1,
      1131, 1018, 1132, -1,
      1132, 1018, 1020, -1,
      1132, 1020, 112, -1,
      112, 1020, 110, -1,
      952, 106, 1020, -1,
      1020, 106, 108, -1,
      1020, 108, 110, -1,
      102, 104, 1133, -1,
      1133, 104, 952, -1,
      1133, 952, 1134, -1,
      1134, 952, 1019, -1,
      1134, 1019, 1135, -1,
      1135, 1019, 1017, -1,
      1135, 1017, 1136, -1,
      1136, 1017, 1015, -1,
      1136, 1015, 991, -1,
      991, 1015, 992, -1,
      991, 992, 642, -1,
      642, 992, 644, -1,
      641, 639, 991, -1,
      991, 639, 990, -1,
      991, 990, 1136, -1,
      1136, 990, 1021, -1,
      1136, 1021, 1135, -1,
      1135, 1021, 1023, -1,
      1135, 1023, 1134, -1,
      1134, 1023, 1025, -1,
      1134, 1025, 1133, -1,
      1133, 1025, 1027, -1,
      1133, 1027, 102, -1,
      102, 1027, 100, -1,
      951, 96, 1027, -1,
      1027, 96, 98, -1,
      1027, 98, 100, -1,
      92, 94, 1137, -1,
      1137, 94, 951, -1,
      1137, 951, 1138, -1,
      1138, 951, 1026, -1,
      1138, 1026, 1139, -1,
      1139, 1026, 1024, -1,
      1139, 1024, 1140, -1,
      1140, 1024, 1022, -1,
      1140, 1022, 988, -1,
      988, 1022, 989, -1,
      988, 989, 633, -1,
      633, 989, 635, -1,
      632, 630, 988, -1,
      988, 630, 987, -1,
      988, 987, 1140, -1,
      1140, 987, 1141, -1,
      1140, 1141, 1139, -1,
      1139, 1141, 1142, -1,
      1139, 1142, 1138, -1,
      1138, 1142, 1143, -1,
      1138, 1143, 1137, -1,
      1137, 1143, 950, -1,
      1137, 950, 92, -1,
      92, 950, 90, -1,
      86, 88, 949, -1,
      949, 88, 950, -1,
      949, 950, 1144, -1,
      1144, 950, 1143, -1,
      1144, 1143, 1145, -1,
      1145, 1143, 1142, -1,
      1145, 1142, 1146, -1,
      1146, 1142, 1141, -1,
      1146, 1141, 986, -1,
      986, 1141, 987, -1,
      986, 987, 627, -1,
      627, 987, 629, -1,
      626, 624, 986, -1,
      986, 624, 985, -1,
      986, 985, 1146, -1,
      1146, 985, 1147, -1,
      1146, 1147, 1145, -1,
      1145, 1147, 1148, -1,
      1145, 1148, 1144, -1,
      1144, 1148, 1149, -1,
      1144, 1149, 949, -1,
      949, 1149, 948, -1,
      949, 948, 84, -1,
      84, 948, 82, -1,
      78, 80, 1150, -1,
      1150, 80, 948, -1,
      1150, 948, 1151, -1,
      1151, 948, 1149, -1,
      1151, 1149, 1152, -1,
      1152, 1149, 1148, -1,
      1152, 1148, 1153, -1,
      1153, 1148, 1147, -1,
      1153, 1147, 984, -1,
      984, 1147, 985, -1,
      984, 985, 621, -1,
      621, 985, 623, -1,
      620, 618, 984, -1,
      984, 618, 983, -1,
      984, 983, 1153, -1,
      1153, 983, 1028, -1,
      1153, 1028, 1152, -1,
      1152, 1028, 1030, -1,
      1152, 1030, 1151, -1,
      1151, 1030, 1032, -1,
      1151, 1032, 1150, -1,
      1150, 1032, 1034, -1,
      1150, 1034, 78, -1,
      78, 1034, 76, -1,
      947, 72, 1034, -1,
      1034, 72, 74, -1,
      1034, 74, 76, -1,
      68, 70, 1154, -1,
      1154, 70, 947, -1,
      1154, 947, 1155, -1,
      1155, 947, 1033, -1,
      1155, 1033, 1156, -1,
      1156, 1033, 1031, -1,
      1156, 1031, 1157, -1,
      1157, 1031, 1029, -1,
      1157, 1029, 981, -1,
      981, 1029, 982, -1,
      981, 982, 612, -1,
      612, 982, 614, -1,
      611, 609, 981, -1,
      981, 609, 980, -1,
      981, 980, 1157, -1,
      1157, 980, 1035, -1,
      1157, 1035, 1156, -1,
      1156, 1035, 1037, -1,
      1156, 1037, 1155, -1,
      1155, 1037, 1039, -1,
      1155, 1039, 1154, -1,
      1154, 1039, 1041, -1,
      1154, 1041, 68, -1,
      68, 1041, 66, -1,
      946, 62, 1041, -1,
      1041, 62, 64, -1,
      1041, 64, 66, -1,
      58, 60, 945, -1,
      945, 60, 946, -1,
      945, 946, 1158, -1,
      1158, 946, 1040, -1,
      1158, 1040, 1159, -1,
      1159, 1040, 1038, -1,
      1159, 1038, 1160, -1,
      1160, 1038, 1036, -1,
      1160, 1036, 978, -1,
      978, 1036, 979, -1,
      978, 979, 603, -1,
      603, 979, 605, -1,
      54, 56, 1161, -1,
      1161, 56, 945, -1,
      1161, 945, 1162, -1,
      1162, 945, 1158, -1,
      1162, 1158, 1163, -1,
      1163, 1158, 1159, -1,
      1163, 1159, 1164, -1,
      1164, 1159, 1160, -1,
      1164, 1160, 977, -1,
      977, 1160, 978, -1,
      977, 978, 600, -1,
      600, 978, 602, -1,
      599, 597, 977, -1,
      977, 597, 976, -1,
      977, 976, 1164, -1,
      1164, 976, 1042, -1,
      1164, 1042, 1163, -1,
      1163, 1042, 1044, -1,
      1163, 1044, 1162, -1,
      1162, 1044, 1046, -1,
      1162, 1046, 1161, -1,
      1161, 1046, 1048, -1,
      1161, 1048, 54, -1,
      54, 1048, 52, -1,
      944, 48, 1048, -1,
      1048, 48, 50, -1,
      1048, 50, 52, -1,
      44, 46, 1165, -1,
      1165, 46, 944, -1,
      1165, 944, 1166, -1,
      1166, 944, 1047, -1,
      1166, 1047, 1167, -1,
      1167, 1047, 1045, -1,
      1167, 1045, 1168, -1,
      1168, 1045, 1043, -1,
      1168, 1043, 974, -1,
      974, 1043, 975, -1,
      974, 975, 591, -1,
      591, 975, 593, -1,
      590, 588, 974, -1,
      974, 588, 1049, -1,
      974, 1049, 1168, -1,
      1168, 1049, 1050, -1,
      1168, 1050, 1167, -1,
      1167, 1050, 1052, -1,
      1167, 1052, 1166, -1,
      1166, 1052, 1054, -1,
      1166, 1054, 1165, -1,
      1165, 1054, 1056, -1,
      1165, 1056, 44, -1,
      44, 1056, 42, -1,
      943, 38, 1056, -1,
      1056, 38, 40, -1,
      1056, 40, 42, -1,
      34, 36, 1169, -1,
      1169, 36, 943, -1,
      1169, 943, 1170, -1,
      1170, 943, 1055, -1,
      1170, 1055, 1171, -1,
      1171, 1055, 1053, -1,
      1171, 1053, 1172, -1,
      1172, 1053, 1051, -1,
      1172, 1051, 994, -1,
      994, 1051, 993, -1,
      994, 993, 584, -1,
      584, 993, 585, -1,
      582, 581, 994, -1,
      994, 581, 995, -1,
      994, 995, 1172, -1,
      1172, 995, 1173, -1,
      1172, 1173, 1171, -1,
      1171, 1173, 1174, -1,
      1171, 1174, 1170, -1,
      1170, 1174, 1175, -1,
      1170, 1175, 1169, -1,
      1169, 1175, 942, -1,
      1169, 942, 34, -1,
      34, 942, 32, -1,
      28, 30, 941, -1,
      941, 30, 942, -1,
      941, 942, 1176, -1,
      1176, 942, 1175, -1,
      1176, 1175, 1177, -1,
      1177, 1175, 1174, -1,
      1177, 1174, 1178, -1,
      1178, 1174, 1173, -1,
      1178, 1173, 996, -1,
      996, 1173, 995, -1,
      996, 995, 578, -1,
      578, 995, 579, -1,
      576, 575, 996, -1,
      996, 575, 997, -1,
      996, 997, 1178, -1,
      1178, 997, 1179, -1,
      1178, 1179, 1177, -1,
      1177, 1179, 1180, -1,
      1177, 1180, 1176, -1,
      1176, 1180, 1181, -1,
      1176, 1181, 941, -1,
      941, 1181, 940, -1,
      941, 940, 26, -1,
      26, 940, 24, -1,
      20, 22, 1182, -1,
      1182, 22, 940, -1,
      1182, 940, 1183, -1,
      1183, 940, 1181, -1,
      1183, 1181, 1184, -1,
      1184, 1181, 1180, -1,
      1184, 1180, 1185, -1,
      1185, 1180, 1179, -1,
      1185, 1179, 998, -1,
      998, 1179, 997, -1,
      998, 997, 572, -1,
      572, 997, 573, -1,
      570, 569, 998, -1,
      998, 569, 999, -1,
      998, 999, 1185, -1,
      1185, 999, 1057, -1,
      1185, 1057, 1184, -1,
      1184, 1057, 1059, -1,
      1184, 1059, 1183, -1,
      1183, 1059, 1061, -1,
      1183, 1061, 1182, -1,
      1182, 1061, 1063, -1,
      1182, 1063, 20, -1,
      20, 1063, 18, -1,
      939, 14, 1063, -1,
      1063, 14, 16, -1,
      1063, 16, 18, -1,
      10, 12, 1186, -1,
      1186, 12, 939, -1,
      1186, 939, 1187, -1,
      1187, 939, 1062, -1,
      1187, 1062, 1188, -1,
      1188, 1062, 1060, -1,
      1188, 1060, 1189, -1,
      1189, 1060, 1058, -1,
      1189, 1058, 1001, -1,
      1001, 1058, 1000, -1,
      1001, 1000, 809, -1,
      809, 1000, 810, -1,
      804, 803, 1001, -1,
      1001, 803, 1002, -1,
      1001, 1002, 1189, -1,
      1189, 1002, 1064, -1,
      1189, 1064, 1188, -1,
      1188, 1064, 1066, -1,
      1188, 1066, 1187, -1,
      1187, 1066, 1068, -1,
      1187, 1068, 1186, -1,
      1186, 1068, 1070, -1,
      1186, 1070, 10, -1,
      10, 1070, 8, -1,
      938, 4, 1070, -1,
      1070, 4, 6, -1,
      1070, 6, 8, -1,
      563, 822, 973, -1,
      973, 822, 1190, -1,
      973, 1190, 1065, -1,
      1065, 1190, 1191, -1,
      1065, 1191, 1067, -1,
      1067, 1191, 1192, -1,
      1067, 1192, 1069, -1,
      1069, 1192, 1193, -1,
      1069, 1193, 938, -1,
      938, 1193, 937, -1,
      938, 937, 2, -1,
      2, 937, 0, -1,
      216, 218, 1194, -1,
      1194, 218, 937, -1,
      1194, 937, 1195, -1,
      1195, 937, 1193, -1,
      1195, 1193, 1196, -1,
      1196, 1193, 1192, -1,
      1196, 1192, 1197, -1,
      1197, 1192, 1191, -1,
      1197, 1191, 972, -1,
      972, 1191, 1190, -1,
      972, 1190, 820, -1,
      820, 1190, 822, -1,
      819, 561, 972, -1,
      972, 561, 971, -1,
      972, 971, 1197, -1,
      1197, 971, 1071, -1,
      1197, 1071, 1196, -1,
      1196, 1071, 1073, -1,
      1196, 1073, 1195, -1,
      1195, 1073, 1075, -1,
      1195, 1075, 1194, -1,
      1194, 1075, 1077, -1,
      1194, 1077, 216, -1,
      216, 1077, 214, -1,
      936, 210, 1077, -1,
      1077, 210, 212, -1,
      1077, 212, 214, -1,
      206, 208, 1198, -1,
      1198, 208, 936, -1,
      1198, 936, 1199, -1,
      1199, 936, 1076, -1,
      1199, 1076, 1200, -1,
      1200, 1076, 1074, -1,
      1200, 1074, 1201, -1,
      1201, 1074, 1072, -1,
      1201, 1072, 969, -1,
      969, 1072, 970, -1,
      969, 970, 555, -1,
      555, 970, 557, -1,
      554, 552, 969, -1,
      969, 552, 968, -1,
      969, 968, 1201, -1,
      1201, 968, 1078, -1,
      1201, 1078, 1200, -1,
      1200, 1078, 1080, -1,
      1200, 1080, 1199, -1,
      1199, 1080, 1082, -1,
      1199, 1082, 1198, -1,
      1198, 1082, 1084, -1,
      1198, 1084, 206, -1,
      206, 1084, 204, -1,
      935, 200, 1084, -1,
      1084, 200, 202, -1,
      1084, 202, 204, -1,
      196, 198, 934, -1,
      934, 198, 935, -1,
      934, 935, 1202, -1,
      1202, 935, 1083, -1,
      1202, 1083, 1203, -1,
      1203, 1083, 1081, -1,
      1203, 1081, 1204, -1,
      1204, 1081, 1079, -1,
      1204, 1079, 966, -1,
      966, 1079, 967, -1,
      966, 967, 546, -1,
      546, 967, 548, -1,
      192, 194, 1205, -1,
      1205, 194, 934, -1,
      1205, 934, 1206, -1,
      1206, 934, 1202, -1,
      1206, 1202, 1207, -1,
      1207, 1202, 1203, -1,
      1207, 1203, 1208, -1,
      1208, 1203, 1204, -1,
      1208, 1204, 965, -1,
      965, 1204, 966, -1,
      965, 966, 543, -1,
      543, 966, 545, -1,
      542, 540, 965, -1,
      965, 540, 964, -1,
      965, 964, 1208, -1,
      1208, 964, 1085, -1,
      1208, 1085, 1207, -1,
      1207, 1085, 1087, -1,
      1207, 1087, 1206, -1,
      1206, 1087, 1089, -1,
      1206, 1089, 1205, -1,
      1205, 1089, 1091, -1,
      1205, 1091, 192, -1,
      192, 1091, 190, -1,
      933, 186, 1091, -1,
      1091, 186, 188, -1,
      1091, 188, 190, -1,
      182, 184, 1209, -1,
      1209, 184, 933, -1,
      1209, 933, 1210, -1,
      1210, 933, 1090, -1,
      1210, 1090, 1211, -1,
      1211, 1090, 1088, -1,
      1211, 1088, 1212, -1,
      1212, 1088, 1086, -1,
      1212, 1086, 962, -1,
      962, 1086, 963, -1,
      962, 963, 534, -1,
      534, 963, 536, -1,
      533, 531, 962, -1,
      962, 531, 961, -1,
      962, 961, 1212, -1,
      1212, 961, 1092, -1,
      1212, 1092, 1211, -1,
      1211, 1092, 1094, -1,
      1211, 1094, 1210, -1,
      1210, 1094, 1096, -1,
      1210, 1096, 1209, -1,
      1209, 1096, 1098, -1,
      1209, 1098, 182, -1,
      182, 1098, 180, -1,
      932, 176, 1098, -1,
      1098, 176, 178, -1,
      1098, 178, 180, -1,
      172, 174, 1213, -1,
      1213, 174, 932, -1,
      1213, 932, 1214, -1,
      1214, 932, 1097, -1,
      1214, 1097, 1215, -1,
      1215, 1097, 1095, -1,
      1215, 1095, 1216, -1,
      1216, 1095, 1093, -1,
      1216, 1093, 959, -1,
      959, 1093, 960, -1,
      959, 960, 525, -1,
      525, 960, 527, -1,
      524, 522, 959, -1,
      959, 522, 958, -1,
      959, 958, 1216, -1,
      1216, 958, 1217, -1,
      1216, 1217, 1215, -1,
      1215, 1217, 1218, -1,
      1215, 1218, 1214, -1,
      1214, 1218, 1219, -1,
      1214, 1219, 1213, -1,
      1213, 1219, 931, -1,
      1213, 931, 172, -1,
      172, 931, 170, -1,
      166, 168, 930, -1,
      930, 168, 931, -1,
      930, 931, 1220, -1,
      1220, 931, 1219, -1,
      1220, 1219, 1221, -1,
      1221, 1219, 1218, -1,
      1221, 1218, 1222, -1,
      1222, 1218, 1217, -1,
      1222, 1217, 957, -1,
      957, 1217, 958, -1,
      957, 958, 519, -1,
      519, 958, 521, -1,
      518, 516, 957, -1,
      957, 516, 956, -1,
      957, 956, 1222, -1,
      1222, 956, 1223, -1,
      1222, 1223, 1221, -1,
      1221, 1223, 1224, -1,
      1221, 1224, 1220, -1,
      1220, 1224, 1225, -1,
      1220, 1225, 930, -1,
      930, 1225, 929, -1,
      930, 929, 164, -1,
      164, 929, 162, -1,
      158, 160, 1226, -1,
      1226, 160, 929, -1,
      1226, 929, 1227, -1,
      1227, 929, 1225, -1,
      1227, 1225, 1228, -1,
      1228, 1225, 1224, -1,
      1228, 1224, 1229, -1,
      1229, 1224, 1223, -1,
      1229, 1223, 955, -1,
      955, 1223, 956, -1,
      955, 956, 513, -1,
      513, 956, 515, -1,
      512, 510, 955, -1,
      955, 510, 954, -1,
      955, 954, 1229, -1,
      1229, 954, 1100, -1,
      1229, 1100, 1228, -1,
      1228, 1100, 1102, -1,
      1228, 1102, 1227, -1,
      1227, 1102, 1104, -1,
      1227, 1104, 1226, -1,
      1226, 1104, 1106, -1,
      1226, 1106, 158, -1,
      158, 1106, 156, -1,
      928, 152, 1106, -1,
      1106, 152, 154, -1,
      1106, 154, 156, -1,
      148, 150, 1230, -1,
      1230, 150, 928, -1,
      1230, 928, 1231, -1,
      1231, 928, 1105, -1,
      1231, 1105, 1232, -1,
      1232, 1105, 1103, -1,
      1232, 1103, 1233, -1,
      1233, 1103, 1101, -1,
      1233, 1101, 1003, -1,
      1003, 1101, 1099, -1,
      1003, 1099, 506, -1,
      506, 1099, 507, -1,
      504, 503, 1003, -1,
      1003, 503, 1004, -1,
      1003, 1004, 1233, -1,
      1233, 1004, 1107, -1,
      1233, 1107, 1232, -1,
      1232, 1107, 1109, -1,
      1232, 1109, 1231, -1,
      1231, 1109, 1111, -1,
      1231, 1111, 1230, -1,
      1230, 1111, 1113, -1,
      1230, 1113, 148, -1,
      148, 1113, 146, -1,
      927, 142, 1113, -1,
      1113, 142, 144, -1,
      1113, 144, 146, -1,
      138, 140, 926, -1,
      926, 140, 927, -1,
      926, 927, 1234, -1,
      1234, 927, 1112, -1,
      1234, 1112, 1235, -1,
      1235, 1112, 1110, -1,
      1235, 1110, 1236, -1,
      1236, 1110, 1108, -1,
      1236, 1108, 1006, -1,
      1006, 1108, 1005, -1,
      1006, 1005, 497, -1,
      497, 1005, 498, -1,
      134, 136, 1237, -1,
      1237, 136, 926, -1,
      1237, 926, 1238, -1,
      1238, 926, 1234, -1,
      1238, 1234, 1239, -1,
      1239, 1234, 1235, -1,
      1239, 1235, 1240, -1,
      1240, 1235, 1236, -1,
      1240, 1236, 1007, -1,
      1007, 1236, 1006, -1,
      1007, 1006, 494, -1,
      494, 1006, 495, -1,
      492, 491, 1007, -1,
      1007, 491, 1008, -1,
      1007, 1008, 1240, -1,
      1240, 1008, 1114, -1,
      1240, 1114, 1239, -1,
      1239, 1114, 1116, -1,
      1239, 1116, 1238, -1,
      1238, 1116, 1118, -1,
      1238, 1118, 1237, -1,
      1237, 1118, 1120, -1,
      1237, 1120, 134, -1,
      134, 1120, 132, -1,
      925, 128, 1120, -1,
      1120, 128, 130, -1,
      1120, 130, 132, -1,
      124, 126, 1241, -1,
      1241, 126, 925, -1,
      1241, 925, 1242, -1,
      1242, 925, 1119, -1,
      1242, 1119, 1243, -1,
      1243, 1119, 1117, -1,
      1243, 1117, 1244, -1,
      1244, 1117, 1115, -1,
      1244, 1115, 1010, -1,
      1010, 1115, 1009, -1,
      1010, 1009, 485, -1,
      485, 1009, 486, -1,
      910, 920, 1010, -1,
      1010, 920, 1011, -1,
      1010, 1011, 1244, -1,
      1244, 1011, 1121, -1,
      1244, 1121, 1243, -1,
      1243, 1121, 1123, -1,
      1243, 1123, 1242, -1,
      1242, 1123, 1125, -1,
      1242, 1125, 1241, -1,
      1241, 1125, 1127, -1,
      1241, 1127, 124, -1,
      124, 1127, 122, -1,
      924, 118, 1127, -1,
      1127, 118, 120, -1,
      1127, 120, 122, -1,
      114, 116, 1245, -1,
      1245, 116, 924, -1,
      1245, 924, 1246, -1,
      1246, 924, 1126, -1,
      1246, 1126, 1247, -1,
      1247, 1126, 1124, -1,
      1247, 1124, 1248, -1,
      1248, 1124, 1122, -1,
      1248, 1122, 953, -1,
      953, 1122, 1012, -1,
      953, 1012, 911, -1,
      911, 1012, 912, -1,
      482, 648, 953, -1,
      953, 648, 1128, -1,
      953, 1128, 1248, -1,
      1248, 1128, 1129, -1,
      1248, 1129, 1247, -1,
      1247, 1129, 1130, -1,
      1247, 1130, 1246, -1,
      1246, 1130, 1131, -1,
      1246, 1131, 1245, -1,
      1245, 1131, 1132, -1,
      1245, 1132, 114, -1,
      114, 1132, 112, -1,
      316, 317, 1249, -1,
      318, 319, 1250, -1,
      322, 321, 1251, -1,
      328, 327, 1252, -1,
      325, 329, 1253, -1,
      334, 335, 1254, -1,
      336, 337, 1255, -1,
      341, 340, 1256, -1,
      292, 291, 1257, -1,
      289, 293, 1258, -1,
      298, 299, 1259, -1,
      300, 301, 1260, -1,
      304, 303, 1261, -1,
      310, 309, 1262, -1,
      307, 311, 1263, -1,
      343, 342, 1264, -1,
      1264, 342, 1265, -1,
      1264, 1265, 1266, -1,
      1266, 1265, 1267, -1,
      1266, 1267, 1268, -1,
      1268, 1267, 1269, -1,
      1268, 1269, 1270, -1,
      1270, 1269, 1271, -1,
      1270, 1271, 1272, -1,
      1272, 1271, 1263, -1,
      347, 352, 1273, -1,
      1273, 352, 1274, -1,
      1273, 1274, 1275, -1,
      1275, 1274, 1276, -1,
      1275, 1276, 1277, -1,
      1277, 1276, 1278, -1,
      1277, 1278, 1279, -1,
      1279, 1278, 1280, -1,
      1279, 1280, 1281, -1,
      1281, 1280, 1261, -1,
      358, 357, 1282, -1,
      1282, 357, 1283, -1,
      1282, 1283, 1284, -1,
      1284, 1283, 1285, -1,
      1284, 1285, 1286, -1,
      1286, 1285, 1287, -1,
      1286, 1287, 1288, -1,
      1288, 1287, 1289, -1,
      1288, 1289, 1290, -1,
      1290, 1289, 1258, -1,
      360, 359, 1291, -1,
      1291, 359, 1292, -1,
      1291, 1292, 1293, -1,
      1293, 1292, 1294, -1,
      1293, 1294, 1295, -1,
      1295, 1294, 1296, -1,
      1295, 1296, 1297, -1,
      1297, 1296, 1298, -1,
      1297, 1298, 1299, -1,
      1299, 1298, 1256, -1,
      365, 370, 1300, -1,
      1300, 370, 1301, -1,
      1300, 1301, 1302, -1,
      1302, 1301, 1303, -1,
      1302, 1303, 1304, -1,
      1304, 1303, 1305, -1,
      1304, 1305, 1306, -1,
      1306, 1305, 1307, -1,
      1306, 1307, 1308, -1,
      1308, 1307, 1253, -1,
      373, 372, 1309, -1,
      1309, 372, 1310, -1,
      1309, 1310, 1311, -1,
      1311, 1310, 1312, -1,
      1311, 1312, 1313, -1,
      1313, 1312, 1314, -1,
      1313, 1314, 1315, -1,
      1315, 1314, 1316, -1,
      1315, 1316, 1317, -1,
      1317, 1316, 1251, -1,
      345, 343, 1318, -1,
      1318, 343, 1264, -1,
      1318, 1264, 1319, -1,
      1319, 1264, 1266, -1,
      1319, 1266, 1320, -1,
      1320, 1266, 1268, -1,
      1320, 1268, 1321, -1,
      1321, 1268, 1270, -1,
      1321, 1270, 1322, -1,
      1322, 1270, 1272, -1,
      1322, 1272, 314, -1,
      314, 1272, 313, -1,
      1263, 311, 1272, -1,
      1272, 311, 312, -1,
      1272, 312, 313, -1,
      308, 307, 1323, -1,
      1323, 307, 1263, -1,
      1323, 1263, 1324, -1,
      1324, 1263, 1271, -1,
      1324, 1271, 1325, -1,
      1325, 1271, 1269, -1,
      1325, 1269, 1326, -1,
      1326, 1269, 1267, -1,
      1326, 1267, 1327, -1,
      1327, 1267, 1265, -1,
      1327, 1265, 349, -1,
      349, 1265, 342, -1,
      349, 348, 1327, -1,
      1327, 348, 1328, -1,
      1327, 1328, 1326, -1,
      1326, 1328, 1329, -1,
      1326, 1329, 1325, -1,
      1325, 1329, 1330, -1,
      1325, 1330, 1324, -1,
      1324, 1330, 1331, -1,
      1324, 1331, 1323, -1,
      1323, 1331, 1262, -1,
      1323, 1262, 308, -1,
      308, 1262, 309, -1,
      305, 310, 1281, -1,
      1281, 310, 1262, -1,
      1281, 1262, 1279, -1,
      1279, 1262, 1331, -1,
      1279, 1331, 1277, -1,
      1277, 1331, 1330, -1,
      1277, 1330, 1275, -1,
      1275, 1330, 1329, -1,
      1275, 1329, 1273, -1,
      1273, 1329, 1328, -1,
      1273, 1328, 347, -1,
      347, 1328, 348, -1,
      1261, 303, 1281, -1,
      1281, 303, 306, -1,
      1281, 306, 305, -1,
      302, 304, 1332, -1,
      1332, 304, 1261, -1,
      1332, 1261, 1333, -1,
      1333, 1261, 1280, -1,
      1333, 1280, 1334, -1,
      1334, 1280, 1278, -1,
      1334, 1278, 1335, -1,
      1335, 1278, 1276, -1,
      1335, 1276, 1336, -1,
      1336, 1276, 1274, -1,
      1336, 1274, 351, -1,
      351, 1274, 352, -1,
      351, 350, 1336, -1,
      1336, 350, 1337, -1,
      1336, 1337, 1335, -1,
      1335, 1337, 1338, -1,
      1335, 1338, 1334, -1,
      1334, 1338, 1339, -1,
      1334, 1339, 1333, -1,
      1333, 1339, 1340, -1,
      1333, 1340, 1332, -1,
      1332, 1340, 1260, -1,
      1332, 1260, 302, -1,
      302, 1260, 301, -1,
      299, 300, 1259, -1,
      1259, 300, 1260, -1,
      1259, 1260, 1341, -1,
      1341, 1260, 1340, -1,
      1341, 1340, 1342, -1,
      1342, 1340, 1339, -1,
      1342, 1339, 1343, -1,
      1343, 1339, 1338, -1,
      1343, 1338, 1344, -1,
      1344, 1338, 1337, -1,
      1344, 1337, 355, -1,
      355, 1337, 350, -1,
      297, 298, 1345, -1,
      1345, 298, 1259, -1,
      1345, 1259, 1346, -1,
      1346, 1259, 1341, -1,
      1346, 1341, 1347, -1,
      1347, 1341, 1342, -1,
      1347, 1342, 1348, -1,
      1348, 1342, 1343, -1,
      1348, 1343, 1349, -1,
      1349, 1343, 1344, -1,
      1349, 1344, 354, -1,
      354, 1344, 355, -1,
      354, 353, 1349, -1,
      1349, 353, 1350, -1,
      1349, 1350, 1348, -1,
      1348, 1350, 1351, -1,
      1348, 1351, 1347, -1,
      1347, 1351, 1352, -1,
      1347, 1352, 1346, -1,
      1346, 1352, 1353, -1,
      1346, 1353, 1345, -1,
      1345, 1353, 1354, -1,
      1345, 1354, 297, -1,
      297, 1354, 296, -1,
      353, 358, 1350, -1,
      1350, 358, 1282, -1,
      1350, 1282, 1351, -1,
      1351, 1282, 1284, -1,
      1351, 1284, 1352, -1,
      1352, 1284, 1286, -1,
      1352, 1286, 1353, -1,
      1353, 1286, 1288, -1,
      1353, 1288, 1354, -1,
      1354, 1288, 1290, -1,
      1354, 1290, 296, -1,
      296, 1290, 295, -1,
      1258, 293, 1290, -1,
      1290, 293, 294, -1,
      1290, 294, 295, -1,
      290, 289, 1355, -1,
      1355, 289, 1258, -1,
      1355, 1258, 1356, -1,
      1356, 1258, 1289, -1,
      1356, 1289, 1357, -1,
      1357, 1289, 1287, -1,
      1357, 1287, 1358, -1,
      1358, 1287, 1285, -1,
      1358, 1285, 1359, -1,
      1359, 1285, 1283, -1,
      1359, 1283, 356, -1,
      356, 1283, 357, -1,
      356, 361, 1359, -1,
      1359, 361, 1360, -1,
      1359, 1360, 1358, -1,
      1358, 1360, 1361, -1,
      1358, 1361, 1357, -1,
      1357, 1361, 1362, -1,
      1357, 1362, 1356, -1,
      1356, 1362, 1363, -1,
      1356, 1363, 1355, -1,
      1355, 1363, 1257, -1,
      1355, 1257, 290, -1,
      290, 1257, 291, -1,
      288, 292, 1299, -1,
      1299, 292, 1257, -1,
      1299, 1257, 1297, -1,
      1297, 1257, 1363, -1,
      1297, 1363, 1295, -1,
      1295, 1363, 1362, -1,
      1295, 1362, 1293, -1,
      1293, 1362, 1361, -1,
      1293, 1361, 1291, -1,
      1291, 1361, 1360, -1,
      1291, 1360, 360, -1,
      360, 1360, 361, -1,
      1256, 340, 1299, -1,
      1299, 340, 339, -1,
      1299, 339, 288, -1,
      338, 341, 1364, -1,
      1364, 341, 1256, -1,
      1364, 1256, 1365, -1,
      1365, 1256, 1298, -1,
      1365, 1298, 1366, -1,
      1366, 1298, 1296, -1,
      1366, 1296, 1367, -1,
      1367, 1296, 1294, -1,
      1367, 1294, 1368, -1,
      1368, 1294, 1292, -1,
      1368, 1292, 364, -1,
      364, 1292, 359, -1,
      364, 363, 1368, -1,
      1368, 363, 1369, -1,
      1368, 1369, 1367, -1,
      1367, 1369, 1370, -1,
      1367, 1370, 1366, -1,
      1366, 1370, 1371, -1,
      1366, 1371, 1365, -1,
      1365, 1371, 1372, -1,
      1365, 1372, 1364, -1,
      1364, 1372, 1255, -1,
      1364, 1255, 338, -1,
      338, 1255, 337, -1,
      335, 336, 1254, -1,
      1254, 336, 1255, -1,
      1254, 1255, 1373, -1,
      1373, 1255, 1372, -1,
      1373, 1372, 1374, -1,
      1374, 1372, 1371, -1,
      1374, 1371, 1375, -1,
      1375, 1371, 1370, -1,
      1375, 1370, 1376, -1,
      1376, 1370, 1369, -1,
      1376, 1369, 362, -1,
      362, 1369, 363, -1,
      333, 334, 1377, -1,
      1377, 334, 1254, -1,
      1377, 1254, 1378, -1,
      1378, 1254, 1373, -1,
      1378, 1373, 1379, -1,
      1379, 1373, 1374, -1,
      1379, 1374, 1380, -1,
      1380, 1374, 1375, -1,
      1380, 1375, 1381, -1,
      1381, 1375, 1376, -1,
      1381, 1376, 367, -1,
      367, 1376, 362, -1,
      367, 366, 1381, -1,
      1381, 366, 1382, -1,
      1381, 1382, 1380, -1,
      1380, 1382, 1383, -1,
      1380, 1383, 1379, -1,
      1379, 1383, 1384, -1,
      1379, 1384, 1378, -1,
      1378, 1384, 1385, -1,
      1378, 1385, 1377, -1,
      1377, 1385, 1386, -1,
      1377, 1386, 333, -1,
      333, 1386, 332, -1,
      366, 365, 1382, -1,
      1382, 365, 1300, -1,
      1382, 1300, 1383, -1,
      1383, 1300, 1302, -1,
      1383, 1302, 1384, -1,
      1384, 1302, 1304, -1,
      1384, 1304, 1385, -1,
      1385, 1304, 1306, -1,
      1385, 1306, 1386, -1,
      1386, 1306, 1308, -1,
      1386, 1308, 332, -1,
      332, 1308, 331, -1,
      1253, 329, 1308, -1,
      1308, 329, 330, -1,
      1308, 330, 331, -1,
      326, 325, 1387, -1,
      1387, 325, 1253, -1,
      1387, 1253, 1388, -1,
      1388, 1253, 1307, -1,
      1388, 1307, 1389, -1,
      1389, 1307, 1305, -1,
      1389, 1305, 1390, -1,
      1390, 1305, 1303, -1,
      1390, 1303, 1391, -1,
      1391, 1303, 1301, -1,
      1391, 1301, 369, -1,
      369, 1301, 370, -1,
      369, 368, 1391, -1,
      1391, 368, 1392, -1,
      1391, 1392, 1390, -1,
      1390, 1392, 1393, -1,
      1390, 1393, 1389, -1,
      1389, 1393, 1394, -1,
      1389, 1394, 1388, -1,
      1388, 1394, 1395, -1,
      1388, 1395, 1387, -1,
      1387, 1395, 1252, -1,
      1387, 1252, 326, -1,
      326, 1252, 327, -1,
      323, 328, 1317, -1,
      1317, 328, 1252, -1,
      1317, 1252, 1315, -1,
      1315, 1252, 1395, -1,
      1315, 1395, 1313, -1,
      1313, 1395, 1394, -1,
      1313, 1394, 1311, -1,
      1311, 1394, 1393, -1,
      1311, 1393, 1309, -1,
      1309, 1393, 1392, -1,
      1309, 1392, 373, -1,
      373, 1392, 368, -1,
      1251, 321, 1317, -1,
      1317, 321, 324, -1,
      1317, 324, 323, -1,
      320, 322, 1396, -1,
      1396, 322, 1251, -1,
      1396, 1251, 1397, -1,
      1397, 1251, 1316, -1,
      1397, 1316, 1398, -1,
      1398, 1316, 1314, -1,
      1398, 1314, 1399, -1,
      1399, 1314, 1312, -1,
      1399, 1312, 1400, -1,
      1400, 1312, 1310, -1,
      1400, 1310, 371, -1,
      371, 1310, 372, -1,
      371, 375, 1400, -1,
      1400, 375, 1401, -1,
      1400, 1401, 1399, -1,
      1399, 1401, 1402, -1,
      1399, 1402, 1398, -1,
      1398, 1402, 1403, -1,
      1398, 1403, 1397, -1,
      1397, 1403, 1404, -1,
      1397, 1404, 1396, -1,
      1396, 1404, 1250, -1,
      1396, 1250, 320, -1,
      320, 1250, 319, -1,
      317, 318, 1249, -1,
      1249, 318, 1250, -1,
      1249, 1250, 1405, -1,
      1405, 1250, 1404, -1,
      1405, 1404, 1406, -1,
      1406, 1404, 1403, -1,
      1406, 1403, 1407, -1,
      1407, 1403, 1402, -1,
      1407, 1402, 1408, -1,
      1408, 1402, 1401, -1,
      1408, 1401, 374, -1,
      374, 1401, 375, -1,
      315, 316, 1409, -1,
      1409, 316, 1249, -1,
      1409, 1249, 1410, -1,
      1410, 1249, 1405, -1,
      1410, 1405, 1411, -1,
      1411, 1405, 1406, -1,
      1411, 1406, 1412, -1,
      1412, 1406, 1407, -1,
      1412, 1407, 1413, -1,
      1413, 1407, 1408, -1,
      1413, 1408, 346, -1,
      346, 1408, 374, -1,
      346, 345, 1413, -1,
      1413, 345, 1318, -1,
      1413, 1318, 1412, -1,
      1412, 1318, 1319, -1,
      1412, 1319, 1411, -1,
      1411, 1319, 1320, -1,
      1411, 1320, 1410, -1,
      1410, 1320, 1321, -1,
      1410, 1321, 1409, -1,
      1409, 1321, 1322, -1,
      1409, 1322, 315, -1,
      315, 1322, 314, -1,
      1414, 1415, 1416, -1,
      1417, 1418, 1419, -1,
      1420, 1421, 1422, -1,
      1423, 1424, 1425, -1,
      1426, 1427, 1428, -1,
      1429, 1430, 1431, -1,
      1432, 1433, 1434, -1,
      1435, 1436, 1437, -1,
      1438, 1439, 1440, -1,
      1441, 1442, 1443, -1,
      117, 115, 1444, -1,
      127, 125, 1445, -1,
      137, 135, 1446, -1,
      165, 163, 1441, -1,
      169, 167, 1447, -1,
      173, 171, 1448, -1,
      179, 177, 1449, -1,
      183, 181, 1450, -1,
      193, 191, 1451, -1,
      199, 197, 1452, -1,
      203, 201, 1453, -1,
      207, 205, 1454, -1,
      213, 211, 1455, -1,
      217, 215, 1456, -1,
      7, 5, 1457, -1,
      11, 9, 1458, -1,
      17, 15, 1459, -1,
      21, 19, 1460, -1,
      31, 29, 1461, -1,
      35, 33, 1462, -1,
      41, 39, 1463, -1,
      45, 43, 1464, -1,
      55, 53, 1465, -1,
      61, 59, 1466, -1,
      65, 63, 1467, -1,
      69, 67, 1468, -1,
      75, 73, 1469, -1,
      79, 77, 1470, -1,
      89, 87, 1471, -1,
      93, 91, 1472, -1,
      99, 97, 1473, -1,
      103, 101, 1474, -1,
      113, 111, 1475, -1,
      107, 105, 1476, -1,
      83, 81, 1477, -1,
      49, 47, 1478, -1,
      25, 23, 1479, -1,
      1, 219, 1480, -1,
      187, 185, 1481, -1,
      1441, 163, 1442, -1,
      1442, 163, 161, -1,
      1442, 161, 159, -1,
      1482, 157, 155, -1,
      1483, 153, 151, -1,
      1484, 147, 145, -1,
      1485, 143, 141, -1,
      1486, 133, 131, -1,
      127, 1445, 129, -1,
      125, 123, 1487, -1,
      1487, 123, 121, -1,
      121, 119, 1488, -1,
      1488, 119, 117, -1,
      1489, 1443, 1490, -1,
      1490, 1443, 1442, -1,
      1490, 1442, 1482, -1,
      1482, 1442, 159, -1,
      1482, 159, 157, -1,
      1491, 1492, 1493, -1,
      1494, 1489, 1495, -1,
      1495, 1489, 1490, -1,
      1495, 1490, 1496, -1,
      1496, 1490, 1482, -1,
      1496, 1482, 1483, -1,
      1483, 1482, 155, -1,
      1483, 155, 153, -1,
      1497, 1494, 1498, -1,
      1498, 1494, 1495, -1,
      1498, 1495, 1499, -1,
      1499, 1495, 1496, -1,
      1499, 1496, 1500, -1,
      1500, 1496, 1483, -1,
      1500, 1483, 1501, -1,
      1501, 1483, 151, -1,
      1501, 151, 149, -1,
      1502, 1497, 1503, -1,
      1503, 1497, 1498, -1,
      1503, 1498, 1504, -1,
      1504, 1498, 1499, -1,
      1504, 1499, 1505, -1,
      1505, 1499, 1500, -1,
      1505, 1500, 1506, -1,
      1506, 1500, 1501, -1,
      1506, 1501, 1484, -1,
      1484, 1501, 149, -1,
      1484, 149, 147, -1,
      1507, 1508, 1509, -1,
      1510, 1502, 1511, -1,
      1511, 1502, 1503, -1,
      1511, 1503, 1512, -1,
      1512, 1503, 1504, -1,
      1512, 1504, 1513, -1,
      1513, 1504, 1505, -1,
      1513, 1505, 1514, -1,
      1514, 1505, 1506, -1,
      1514, 1506, 1515, -1,
      1515, 1506, 1484, -1,
      1515, 1484, 1485, -1,
      1485, 1484, 145, -1,
      1485, 145, 143, -1,
      71, 69, 1516, -1,
      1516, 69, 1468, -1,
      1516, 1468, 1517, -1,
      1517, 1468, 1518, -1,
      1517, 1518, 1519, -1,
      1519, 1518, 1520, -1,
      1519, 1520, 1521, -1,
      1521, 1520, 1522, -1,
      1521, 1522, 1523, -1,
      1523, 1522, 1524, -1,
      1523, 1524, 1525, -1,
      1525, 1524, 1526, -1,
      1525, 1526, 1527, -1,
      1527, 1526, 1528, -1,
      1527, 1528, 1529, -1,
      209, 207, 1530, -1,
      1530, 207, 1454, -1,
      1530, 1454, 1531, -1,
      1531, 1454, 1532, -1,
      1531, 1532, 1533, -1,
      1533, 1532, 1534, -1,
      1533, 1534, 1535, -1,
      1535, 1534, 1536, -1,
      1535, 1536, 1537, -1,
      1537, 1536, 1538, -1,
      1537, 1538, 1539, -1,
      1539, 1538, 1540, -1,
      1539, 1540, 1541, -1,
      1541, 1540, 1542, -1,
      1541, 1542, 1543, -1,
      1544, 1510, 1545, -1,
      1545, 1510, 1511, -1,
      1545, 1511, 1546, -1,
      1546, 1511, 1512, -1,
      1546, 1512, 1547, -1,
      1547, 1512, 1513, -1,
      1547, 1513, 1548, -1,
      1548, 1513, 1514, -1,
      1548, 1514, 1549, -1,
      1549, 1514, 1515, -1,
      1549, 1515, 1550, -1,
      1550, 1515, 1485, -1,
      1550, 1485, 1551, -1,
      1551, 1485, 141, -1,
      1551, 141, 139, -1,
      73, 71, 1469, -1,
      1469, 71, 1516, -1,
      1469, 1516, 1552, -1,
      1552, 1516, 1517, -1,
      1552, 1517, 1553, -1,
      1553, 1517, 1519, -1,
      1553, 1519, 1554, -1,
      1554, 1519, 1521, -1,
      1554, 1521, 1555, -1,
      1555, 1521, 1523, -1,
      1555, 1523, 1556, -1,
      1556, 1523, 1525, -1,
      1556, 1525, 1557, -1,
      1557, 1525, 1527, -1,
      1557, 1527, 1558, -1,
      1558, 1527, 1529, -1,
      1558, 1529, 1559, -1,
      211, 209, 1455, -1,
      1455, 209, 1530, -1,
      1455, 1530, 1560, -1,
      1560, 1530, 1531, -1,
      1560, 1531, 1561, -1,
      1561, 1531, 1533, -1,
      1561, 1533, 1562, -1,
      1562, 1533, 1535, -1,
      1562, 1535, 1563, -1,
      1563, 1535, 1537, -1,
      1563, 1537, 1564, -1,
      1564, 1537, 1539, -1,
      1564, 1539, 1565, -1,
      1565, 1539, 1541, -1,
      1565, 1541, 1566, -1,
      1566, 1541, 1543, -1,
      1566, 1543, 1567, -1,
      1568, 1544, 1569, -1,
      1569, 1544, 1545, -1,
      1569, 1545, 1570, -1,
      1570, 1545, 1546, -1,
      1570, 1546, 1571, -1,
      1571, 1546, 1547, -1,
      1571, 1547, 1572, -1,
      1572, 1547, 1548, -1,
      1572, 1548, 1573, -1,
      1573, 1548, 1549, -1,
      1573, 1549, 1574, -1,
      1574, 1549, 1550, -1,
      1574, 1550, 1575, -1,
      1575, 1550, 1551, -1,
      1575, 1551, 1446, -1,
      1446, 1551, 139, -1,
      1446, 139, 137, -1,
      1576, 1577, 1578, -1,
      77, 75, 1470, -1,
      1470, 75, 1469, -1,
      1470, 1469, 1579, -1,
      1579, 1469, 1552, -1,
      1579, 1552, 1580, -1,
      1580, 1552, 1553, -1,
      1580, 1553, 1581, -1,
      1581, 1553, 1554, -1,
      1581, 1554, 1582, -1,
      1582, 1554, 1555, -1,
      1582, 1555, 1583, -1,
      1583, 1555, 1556, -1,
      1583, 1556, 1584, -1,
      1584, 1556, 1557, -1,
      1584, 1557, 1585, -1,
      1585, 1557, 1558, -1,
      1585, 1558, 1586, -1,
      1586, 1558, 1559, -1,
      1586, 1559, 1587, -1,
      215, 213, 1456, -1,
      1456, 213, 1455, -1,
      1456, 1455, 1588, -1,
      1588, 1455, 1560, -1,
      1588, 1560, 1589, -1,
      1589, 1560, 1561, -1,
      1589, 1561, 1590, -1,
      1590, 1561, 1562, -1,
      1590, 1562, 1591, -1,
      1591, 1562, 1563, -1,
      1591, 1563, 1592, -1,
      1592, 1563, 1564, -1,
      1592, 1564, 1593, -1,
      1593, 1564, 1565, -1,
      1593, 1565, 1594, -1,
      1594, 1565, 1566, -1,
      1594, 1566, 1595, -1,
      1595, 1566, 1567, -1,
      1595, 1567, 1596, -1,
      1597, 1568, 1598, -1,
      1598, 1568, 1569, -1,
      1598, 1569, 1599, -1,
      1599, 1569, 1570, -1,
      1599, 1570, 1600, -1,
      1600, 1570, 1571, -1,
      1600, 1571, 1601, -1,
      1601, 1571, 1572, -1,
      1601, 1572, 1602, -1,
      1602, 1572, 1573, -1,
      1602, 1573, 1603, -1,
      1603, 1573, 1574, -1,
      1603, 1574, 1604, -1,
      1604, 1574, 1575, -1,
      1604, 1575, 1605, -1,
      1605, 1575, 1446, -1,
      1605, 1446, 1486, -1,
      1486, 1446, 135, -1,
      1486, 135, 133, -1,
      1606, 1607, 1577, -1,
      81, 79, 1477, -1,
      1477, 79, 1470, -1,
      1477, 1470, 1608, -1,
      1608, 1470, 1579, -1,
      1608, 1579, 1609, -1,
      1609, 1579, 1580, -1,
      1609, 1580, 1610, -1,
      1610, 1580, 1581, -1,
      1610, 1581, 1611, -1,
      1611, 1581, 1582, -1,
      1611, 1582, 1612, -1,
      1612, 1582, 1583, -1,
      1612, 1583, 1613, -1,
      1613, 1583, 1584, -1,
      1613, 1584, 1614, -1,
      1614, 1584, 1585, -1,
      1614, 1585, 1615, -1,
      1615, 1585, 1586, -1,
      1615, 1586, 1616, -1,
      1616, 1586, 1587, -1,
      1616, 1587, 1617, -1,
      1618, 1619, 1620, -1,
      219, 217, 1480, -1,
      1480, 217, 1456, -1,
      1480, 1456, 1621, -1,
      1621, 1456, 1588, -1,
      1621, 1588, 1622, -1,
      1622, 1588, 1589, -1,
      1622, 1589, 1623, -1,
      1623, 1589, 1590, -1,
      1623, 1590, 1624, -1,
      1624, 1590, 1591, -1,
      1624, 1591, 1625, -1,
      1625, 1591, 1592, -1,
      1625, 1592, 1626, -1,
      1626, 1592, 1593, -1,
      1626, 1593, 1627, -1,
      1627, 1593, 1594, -1,
      1627, 1594, 1628, -1,
      1628, 1594, 1595, -1,
      1628, 1595, 1629, -1,
      1629, 1595, 1596, -1,
      1629, 1596, 1630, -1,
      1631, 1632, 1633, -1,
      1634, 1597, 1635, -1,
      1635, 1597, 1598, -1,
      1635, 1598, 1636, -1,
      1636, 1598, 1599, -1,
      1636, 1599, 1637, -1,
      1637, 1599, 1600, -1,
      1637, 1600, 1638, -1,
      1638, 1600, 1601, -1,
      1638, 1601, 1639, -1,
      1639, 1601, 1602, -1,
      1639, 1602, 1640, -1,
      1640, 1602, 1603, -1,
      1640, 1603, 1641, -1,
      1641, 1603, 1604, -1,
      1641, 1604, 1642, -1,
      1642, 1604, 1605, -1,
      1642, 1605, 1643, -1,
      1643, 1605, 1486, -1,
      1643, 1486, 1644, -1,
      1644, 1486, 131, -1,
      1644, 131, 129, -1,
      1645, 1607, 1646, -1,
      1646, 1607, 1606, -1,
      1646, 1606, 1647, -1,
      1648, 1649, 1650, -1,
      1650, 1649, 1651, -1,
      1650, 1651, 1652, -1,
      1652, 1651, 1576, -1,
      1652, 1576, 1653, -1,
      1653, 1576, 1578, -1,
      1653, 1578, 1654, -1,
      1655, 1656, 1657, -1,
      1657, 1656, 1658, -1,
      1657, 1658, 1659, -1,
      1659, 1658, 1660, -1,
      1659, 1660, 1661, -1,
      1661, 1660, 1662, -1,
      1661, 1662, 1663, -1,
      1663, 1662, 1664, -1,
      1663, 1664, 1665, -1,
      1665, 1664, 1507, -1,
      1665, 1507, 1666, -1,
      1666, 1507, 1509, -1,
      1666, 1509, 1667, -1,
      1668, 1669, 1670, -1,
      1670, 1669, 1671, -1,
      1670, 1671, 1672, -1,
      1672, 1671, 1673, -1,
      1672, 1673, 1674, -1,
      1674, 1673, 1675, -1,
      1674, 1675, 1676, -1,
      1676, 1675, 1677, -1,
      1676, 1677, 1678, -1,
      1678, 1677, 1679, -1,
      1678, 1679, 1680, -1,
      1680, 1679, 1681, -1,
      1680, 1681, 1682, -1,
      1682, 1681, 1683, -1,
      1682, 1683, 1684, -1,
      1684, 1683, 1491, -1,
      1684, 1491, 1685, -1,
      1685, 1491, 1493, -1,
      1685, 1493, 1686, -1,
      115, 113, 1686, -1,
      1686, 113, 1475, -1,
      1686, 1475, 1685, -1,
      1685, 1475, 1687, -1,
      1685, 1687, 1684, -1,
      1684, 1687, 1688, -1,
      1684, 1688, 1682, -1,
      1682, 1688, 1689, -1,
      1682, 1689, 1680, -1,
      1680, 1689, 1690, -1,
      1680, 1690, 1678, -1,
      1678, 1690, 1691, -1,
      1678, 1691, 1676, -1,
      1676, 1691, 1692, -1,
      1676, 1692, 1674, -1,
      1674, 1692, 1693, -1,
      1674, 1693, 1672, -1,
      1672, 1693, 1694, -1,
      1672, 1694, 1670, -1,
      1670, 1694, 1695, -1,
      1670, 1695, 1668, -1,
      1668, 1695, 1696, -1,
      1668, 1696, 1697, -1,
      1697, 1696, 1698, -1,
      105, 103, 1476, -1,
      1476, 103, 1474, -1,
      1476, 1474, 1699, -1,
      1699, 1474, 1700, -1,
      1699, 1700, 1701, -1,
      1701, 1700, 1702, -1,
      1701, 1702, 1703, -1,
      1703, 1702, 1704, -1,
      1703, 1704, 1705, -1,
      1705, 1704, 1706, -1,
      1705, 1706, 1707, -1,
      1707, 1706, 1708, -1,
      1707, 1708, 1709, -1,
      1709, 1708, 1710, -1,
      1709, 1710, 1711, -1,
      1711, 1710, 1712, -1,
      1711, 1712, 1713, -1,
      1713, 1712, 1714, -1,
      1713, 1714, 1715, -1,
      1715, 1714, 1716, -1,
      1715, 1716, 1717, -1,
      1717, 1716, 1718, -1,
      95, 93, 1719, -1,
      1719, 93, 1472, -1,
      1719, 1472, 1720, -1,
      1720, 1472, 1721, -1,
      1720, 1721, 1722, -1,
      1722, 1721, 1723, -1,
      1722, 1723, 1724, -1,
      1724, 1723, 1725, -1,
      1724, 1725, 1726, -1,
      1726, 1725, 1727, -1,
      1726, 1727, 1728, -1,
      1728, 1727, 1729, -1,
      1728, 1729, 1730, -1,
      1730, 1729, 1731, -1,
      1730, 1731, 1732, -1,
      1732, 1731, 1733, -1,
      1732, 1733, 1734, -1,
      1734, 1733, 1735, -1,
      1734, 1735, 1736, -1,
      1736, 1735, 1737, -1,
      1736, 1737, 1738, -1,
      1738, 1737, 1739, -1,
      91, 89, 1472, -1,
      1472, 89, 1471, -1,
      1472, 1471, 1721, -1,
      1721, 1471, 1740, -1,
      1721, 1740, 1723, -1,
      1723, 1740, 1741, -1,
      1723, 1741, 1725, -1,
      1725, 1741, 1742, -1,
      1725, 1742, 1727, -1,
      1727, 1742, 1743, -1,
      1727, 1743, 1729, -1,
      1729, 1743, 1744, -1,
      1729, 1744, 1731, -1,
      1731, 1744, 1745, -1,
      1731, 1745, 1733, -1,
      1733, 1745, 1746, -1,
      1733, 1746, 1735, -1,
      1735, 1746, 1747, -1,
      1735, 1747, 1737, -1,
      1737, 1747, 1748, -1,
      1737, 1748, 1739, -1,
      1739, 1748, 1749, -1,
      1739, 1749, 1750, -1,
      1750, 1749, 1751, -1,
      1752, 1619, 1753, -1,
      1753, 1619, 1618, -1,
      1753, 1618, 1754, -1,
      1755, 1756, 1757, -1,
      1757, 1756, 1754, -1,
      1757, 1754, 1758, -1,
      1758, 1754, 1618, -1,
      1758, 1618, 1759, -1,
      1759, 1618, 1620, -1,
      1759, 1620, 1760, -1,
      59, 57, 1466, -1,
      1466, 57, 1761, -1,
      1466, 1761, 1762, -1,
      1762, 1761, 1763, -1,
      1762, 1763, 1764, -1,
      1764, 1763, 1765, -1,
      1764, 1765, 1766, -1,
      1766, 1765, 1767, -1,
      1766, 1767, 1768, -1,
      1768, 1767, 1769, -1,
      1768, 1769, 1770, -1,
      1770, 1769, 1771, -1,
      1770, 1771, 1772, -1,
      1772, 1771, 1773, -1,
      1772, 1773, 1774, -1,
      1774, 1773, 1775, -1,
      1774, 1775, 1776, -1,
      1776, 1775, 1777, -1,
      1776, 1777, 1778, -1,
      1778, 1777, 1779, -1,
      1778, 1779, 1780, -1,
      1780, 1779, 1781, -1,
      57, 55, 1761, -1,
      1761, 55, 1465, -1,
      1761, 1465, 1763, -1,
      1763, 1465, 1782, -1,
      1763, 1782, 1765, -1,
      1765, 1782, 1783, -1,
      1765, 1783, 1767, -1,
      1767, 1783, 1784, -1,
      1767, 1784, 1769, -1,
      1769, 1784, 1785, -1,
      1769, 1785, 1771, -1,
      1771, 1785, 1786, -1,
      1771, 1786, 1773, -1,
      1773, 1786, 1787, -1,
      1773, 1787, 1775, -1,
      1775, 1787, 1788, -1,
      1775, 1788, 1777, -1,
      1777, 1788, 1789, -1,
      1777, 1789, 1779, -1,
      1779, 1789, 1790, -1,
      1779, 1790, 1781, -1,
      1781, 1790, 1791, -1,
      1781, 1791, 1792, -1,
      1792, 1791, 1793, -1,
      47, 45, 1478, -1,
      1478, 45, 1464, -1,
      1478, 1464, 1794, -1,
      1794, 1464, 1795, -1,
      1794, 1795, 1796, -1,
      1796, 1795, 1797, -1,
      1796, 1797, 1798, -1,
      1798, 1797, 1799, -1,
      1798, 1799, 1800, -1,
      1800, 1799, 1801, -1,
      1800, 1801, 1802, -1,
      1802, 1801, 1803, -1,
      1802, 1803, 1804, -1,
      1804, 1803, 1805, -1,
      1804, 1805, 1806, -1,
      1806, 1805, 1807, -1,
      1806, 1807, 1808, -1,
      1808, 1807, 1809, -1,
      1808, 1809, 1810, -1,
      1810, 1809, 1811, -1,
      1810, 1811, 1812, -1,
      1812, 1811, 1813, -1,
      37, 35, 1814, -1,
      1814, 35, 1462, -1,
      1814, 1462, 1815, -1,
      1815, 1462, 1816, -1,
      1815, 1816, 1817, -1,
      1817, 1816, 1818, -1,
      1817, 1818, 1819, -1,
      1819, 1818, 1820, -1,
      1819, 1820, 1821, -1,
      1821, 1820, 1822, -1,
      1821, 1822, 1823, -1,
      1823, 1822, 1824, -1,
      1823, 1824, 1825, -1,
      1825, 1824, 1826, -1,
      1825, 1826, 1827, -1,
      1827, 1826, 1828, -1,
      1827, 1828, 1829, -1,
      1829, 1828, 1830, -1,
      1829, 1830, 1831, -1,
      1831, 1830, 1832, -1,
      1831, 1832, 1833, -1,
      1833, 1832, 1834, -1,
      33, 31, 1462, -1,
      1462, 31, 1461, -1,
      1462, 1461, 1816, -1,
      1816, 1461, 1835, -1,
      1816, 1835, 1818, -1,
      1818, 1835, 1836, -1,
      1818, 1836, 1820, -1,
      1820, 1836, 1837, -1,
      1820, 1837, 1822, -1,
      1822, 1837, 1838, -1,
      1822, 1838, 1824, -1,
      1824, 1838, 1839, -1,
      1824, 1839, 1826, -1,
      1826, 1839, 1840, -1,
      1826, 1840, 1828, -1,
      1828, 1840, 1841, -1,
      1828, 1841, 1830, -1,
      1830, 1841, 1842, -1,
      1830, 1842, 1832, -1,
      1832, 1842, 1843, -1,
      1832, 1843, 1834, -1,
      1834, 1843, 1844, -1,
      1834, 1844, 1845, -1,
      1845, 1844, 1846, -1,
      23, 21, 1479, -1,
      1479, 21, 1460, -1,
      1479, 1460, 1847, -1,
      1847, 1460, 1848, -1,
      1847, 1848, 1849, -1,
      1849, 1848, 1850, -1,
      1849, 1850, 1851, -1,
      1851, 1850, 1852, -1,
      1851, 1852, 1853, -1,
      1853, 1852, 1854, -1,
      1853, 1854, 1855, -1,
      1855, 1854, 1856, -1,
      1855, 1856, 1857, -1,
      1857, 1856, 1858, -1,
      1857, 1858, 1859, -1,
      1859, 1858, 1860, -1,
      1859, 1860, 1861, -1,
      1861, 1860, 1862, -1,
      1861, 1862, 1863, -1,
      1863, 1862, 1864, -1,
      1863, 1864, 1865, -1,
      1865, 1864, 1866, -1,
      13, 11, 1867, -1,
      1867, 11, 1458, -1,
      1867, 1458, 1868, -1,
      1868, 1458, 1869, -1,
      1868, 1869, 1870, -1,
      1870, 1869, 1871, -1,
      1870, 1871, 1872, -1,
      1872, 1871, 1873, -1,
      1872, 1873, 1874, -1,
      1874, 1873, 1875, -1,
      1874, 1875, 1876, -1,
      1876, 1875, 1877, -1,
      1876, 1877, 1878, -1,
      1878, 1877, 1879, -1,
      1878, 1879, 1880, -1,
      1880, 1879, 1881, -1,
      1880, 1881, 1882, -1,
      1882, 1881, 1883, -1,
      1882, 1883, 1884, -1,
      1884, 1883, 1885, -1,
      1884, 1885, 1886, -1,
      1886, 1885, 1887, -1,
      9, 7, 1458, -1,
      1458, 7, 1457, -1,
      1458, 1457, 1869, -1,
      1869, 1457, 1888, -1,
      1869, 1888, 1871, -1,
      1871, 1888, 1889, -1,
      1871, 1889, 1873, -1,
      1873, 1889, 1890, -1,
      1873, 1890, 1875, -1,
      1875, 1890, 1891, -1,
      1875, 1891, 1877, -1,
      1877, 1891, 1892, -1,
      1877, 1892, 1879, -1,
      1879, 1892, 1893, -1,
      1879, 1893, 1881, -1,
      1881, 1893, 1894, -1,
      1881, 1894, 1883, -1,
      1883, 1894, 1895, -1,
      1883, 1895, 1885, -1,
      1885, 1895, 1896, -1,
      1885, 1896, 1887, -1,
      1887, 1896, 1897, -1,
      1887, 1897, 1898, -1,
      1898, 1897, 1899, -1,
      1900, 1632, 1901, -1,
      1901, 1632, 1631, -1,
      1901, 1631, 1902, -1,
      1903, 1904, 1905, -1,
      1905, 1904, 1902, -1,
      1905, 1902, 1906, -1,
      1906, 1902, 1631, -1,
      1906, 1631, 1907, -1,
      1907, 1631, 1633, -1,
      1907, 1633, 1908, -1,
      197, 195, 1452, -1,
      1452, 195, 1909, -1,
      1452, 1909, 1910, -1,
      1910, 1909, 1911, -1,
      1910, 1911, 1912, -1,
      1912, 1911, 1913, -1,
      1912, 1913, 1914, -1,
      1914, 1913, 1915, -1,
      1914, 1915, 1916, -1,
      1916, 1915, 1917, -1,
      1916, 1917, 1918, -1,
      1918, 1917, 1919, -1,
      1918, 1919, 1920, -1,
      1920, 1919, 1921, -1,
      1920, 1921, 1922, -1,
      1922, 1921, 1923, -1,
      1922, 1923, 1924, -1,
      1924, 1923, 1925, -1,
      1924, 1925, 1926, -1,
      1926, 1925, 1927, -1,
      1926, 1927, 1928, -1,
      1928, 1927, 1929, -1,
      195, 193, 1909, -1,
      1909, 193, 1451, -1,
      1909, 1451, 1911, -1,
      1911, 1451, 1930, -1,
      1911, 1930, 1913, -1,
      1913, 1930, 1931, -1,
      1913, 1931, 1915, -1,
      1915, 1931, 1932, -1,
      1915, 1932, 1917, -1,
      1917, 1932, 1933, -1,
      1917, 1933, 1919, -1,
      1919, 1933, 1934, -1,
      1919, 1934, 1921, -1,
      1921, 1934, 1935, -1,
      1921, 1935, 1923, -1,
      1923, 1935, 1936, -1,
      1923, 1936, 1925, -1,
      1925, 1936, 1937, -1,
      1925, 1937, 1927, -1,
      1927, 1937, 1938, -1,
      1927, 1938, 1929, -1,
      1929, 1938, 1939, -1,
      1929, 1939, 1940, -1,
      1940, 1939, 1941, -1,
      185, 183, 1481, -1,
      1481, 183, 1450, -1,
      1481, 1450, 1942, -1,
      1942, 1450, 1943, -1,
      1942, 1943, 1944, -1,
      1944, 1943, 1945, -1,
      1944, 1945, 1946, -1,
      1946, 1945, 1947, -1,
      1946, 1947, 1948, -1,
      1948, 1947, 1949, -1,
      1948, 1949, 1950, -1,
      1950, 1949, 1951, -1,
      1950, 1951, 1952, -1,
      1952, 1951, 1953, -1,
      1952, 1953, 1954, -1,
      1954, 1953, 1955, -1,
      1954, 1955, 1956, -1,
      1956, 1955, 1957, -1,
      1956, 1957, 1958, -1,
      1958, 1957, 1959, -1,
      1958, 1959, 1960, -1,
      1960, 1959, 1961, -1,
      175, 173, 1962, -1,
      1962, 173, 1448, -1,
      1962, 1448, 1963, -1,
      1963, 1448, 1964, -1,
      1963, 1964, 1965, -1,
      1965, 1964, 1966, -1,
      1965, 1966, 1967, -1,
      1967, 1966, 1968, -1,
      1967, 1968, 1969, -1,
      1969, 1968, 1970, -1,
      1969, 1970, 1971, -1,
      1971, 1970, 1972, -1,
      1971, 1972, 1973, -1,
      1973, 1972, 1974, -1,
      1973, 1974, 1975, -1,
      1975, 1974, 1976, -1,
      1975, 1976, 1977, -1,
      1977, 1976, 1978, -1,
      1977, 1978, 1979, -1,
      1979, 1978, 1980, -1,
      1979, 1980, 1981, -1,
      1981, 1980, 1982, -1,
      171, 169, 1448, -1,
      1448, 169, 1447, -1,
      1448, 1447, 1964, -1,
      1964, 1447, 1983, -1,
      1964, 1983, 1966, -1,
      1966, 1983, 1984, -1,
      1966, 1984, 1968, -1,
      1968, 1984, 1985, -1,
      1968, 1985, 1970, -1,
      1970, 1985, 1986, -1,
      1970, 1986, 1972, -1,
      1972, 1986, 1987, -1,
      1972, 1987, 1974, -1,
      1974, 1987, 1988, -1,
      1974, 1988, 1976, -1,
      1976, 1988, 1989, -1,
      1976, 1989, 1978, -1,
      1978, 1989, 1990, -1,
      1978, 1990, 1980, -1,
      1980, 1990, 1991, -1,
      1980, 1991, 1982, -1,
      1982, 1991, 1992, -1,
      1982, 1992, 1993, -1,
      1993, 1992, 1994, -1,
      1995, 1996, 1647, -1,
      1647, 1996, 1997, -1,
      1647, 1997, 1646, -1,
      1646, 1997, 1998, -1,
      1646, 1998, 1645, -1,
      1645, 1998, 1999, -1,
      1577, 1576, 1606, -1,
      1606, 1576, 1651, -1,
      1606, 1651, 1647, -1,
      1647, 1651, 1649, -1,
      1647, 1649, 1995, -1,
      2000, 2001, 2002, -1,
      2002, 2001, 1648, -1,
      2002, 1648, 2003, -1,
      2003, 1648, 1650, -1,
      2003, 1650, 2004, -1,
      2004, 1650, 1652, -1,
      2004, 1652, 2005, -1,
      2005, 1652, 1653, -1,
      2005, 1653, 2006, -1,
      2006, 1653, 1654, -1,
      2006, 1654, 1508, -1,
      2001, 2007, 1648, -1,
      1648, 2007, 2008, -1,
      1648, 2008, 1649, -1,
      1649, 2008, 2009, -1,
      1649, 2009, 1995, -1,
      1508, 1507, 2006, -1,
      2006, 1507, 1664, -1,
      2006, 1664, 2005, -1,
      2005, 1664, 1662, -1,
      2005, 1662, 2004, -1,
      2004, 1662, 1660, -1,
      2004, 1660, 2003, -1,
      2003, 1660, 1658, -1,
      2003, 1658, 2002, -1,
      2002, 1658, 1656, -1,
      2002, 1656, 2000, -1,
      2010, 2011, 2012, -1,
      2012, 2011, 1655, -1,
      2012, 1655, 2013, -1,
      2013, 1655, 1657, -1,
      2013, 1657, 2014, -1,
      2014, 1657, 1659, -1,
      2014, 1659, 2015, -1,
      2015, 1659, 1661, -1,
      2015, 1661, 2016, -1,
      2016, 1661, 1663, -1,
      2016, 1663, 2017, -1,
      2017, 1663, 1665, -1,
      2017, 1665, 2018, -1,
      2018, 1665, 1666, -1,
      2018, 1666, 2019, -1,
      2019, 1666, 1667, -1,
      2019, 1667, 1492, -1,
      2011, 2020, 1655, -1,
      1655, 2020, 2021, -1,
      1655, 2021, 1656, -1,
      1656, 2021, 2022, -1,
      1656, 2022, 2000, -1,
      1492, 1491, 2019, -1,
      2019, 1491, 1683, -1,
      2019, 1683, 2018, -1,
      2018, 1683, 1681, -1,
      2018, 1681, 2017, -1,
      2017, 1681, 1679, -1,
      2017, 1679, 2016, -1,
      2016, 1679, 1677, -1,
      2016, 1677, 2015, -1,
      2015, 1677, 1675, -1,
      2015, 1675, 2014, -1,
      2014, 1675, 1673, -1,
      2014, 1673, 2013, -1,
      2013, 1673, 1671, -1,
      2013, 1671, 2012, -1,
      2012, 1671, 1669, -1,
      2012, 1669, 2010, -1,
      1697, 2023, 1668, -1,
      1668, 2023, 2024, -1,
      1668, 2024, 1669, -1,
      1669, 2024, 2025, -1,
      1669, 2025, 2010, -1,
      111, 109, 1475, -1,
      1475, 109, 2026, -1,
      1475, 2026, 1687, -1,
      1687, 2026, 2027, -1,
      1687, 2027, 1688, -1,
      1688, 2027, 2028, -1,
      1688, 2028, 1689, -1,
      1689, 2028, 2029, -1,
      1689, 2029, 1690, -1,
      1690, 2029, 2030, -1,
      1690, 2030, 1691, -1,
      1691, 2030, 2031, -1,
      1691, 2031, 1692, -1,
      1692, 2031, 2032, -1,
      1692, 2032, 1693, -1,
      1693, 2032, 2033, -1,
      1693, 2033, 1694, -1,
      1694, 2033, 2034, -1,
      1694, 2034, 1695, -1,
      1695, 2034, 2035, -1,
      1695, 2035, 1696, -1,
      1696, 2035, 1440, -1,
      1696, 1440, 1698, -1,
      1698, 1440, 1439, -1,
      109, 107, 2026, -1,
      2026, 107, 1476, -1,
      2026, 1476, 2027, -1,
      2027, 1476, 1699, -1,
      2027, 1699, 2028, -1,
      2028, 1699, 1701, -1,
      2028, 1701, 2029, -1,
      2029, 1701, 1703, -1,
      2029, 1703, 2030, -1,
      2030, 1703, 1705, -1,
      2030, 1705, 2031, -1,
      2031, 1705, 1707, -1,
      2031, 1707, 2032, -1,
      2032, 1707, 1709, -1,
      2032, 1709, 2033, -1,
      2033, 1709, 1711, -1,
      2033, 1711, 2034, -1,
      2034, 1711, 1713, -1,
      2034, 1713, 2035, -1,
      2035, 1713, 1715, -1,
      2035, 1715, 1440, -1,
      1440, 1715, 1717, -1,
      1440, 1717, 1438, -1,
      2036, 2037, 2038, -1,
      2038, 2037, 1718, -1,
      2038, 1718, 2039, -1,
      2039, 1718, 1716, -1,
      2039, 1716, 2040, -1,
      2040, 1716, 1714, -1,
      2040, 1714, 2041, -1,
      2041, 1714, 1712, -1,
      2041, 1712, 2042, -1,
      2042, 1712, 1710, -1,
      2042, 1710, 2043, -1,
      2043, 1710, 1708, -1,
      2043, 1708, 2044, -1,
      2044, 1708, 1706, -1,
      2044, 1706, 2045, -1,
      2045, 1706, 1704, -1,
      2045, 1704, 2046, -1,
      2046, 1704, 1702, -1,
      2046, 1702, 2047, -1,
      2047, 1702, 1700, -1,
      2047, 1700, 1473, -1,
      1473, 1700, 1474, -1,
      1473, 1474, 99, -1,
      99, 1474, 101, -1,
      2037, 2048, 1718, -1,
      1718, 2048, 2049, -1,
      1718, 2049, 1717, -1,
      1717, 2049, 2050, -1,
      1717, 2050, 1438, -1,
      97, 95, 1473, -1,
      1473, 95, 1719, -1,
      1473, 1719, 2047, -1,
      2047, 1719, 1720, -1,
      2047, 1720, 2046, -1,
      2046, 1720, 1722, -1,
      2046, 1722, 2045, -1,
      2045, 1722, 1724, -1,
      2045, 1724, 2044, -1,
      2044, 1724, 1726, -1,
      2044, 1726, 2043, -1,
      2043, 1726, 1728, -1,
      2043, 1728, 2042, -1,
      2042, 1728, 1730, -1,
      2042, 1730, 2041, -1,
      2041, 1730, 1732, -1,
      2041, 1732, 2040, -1,
      2040, 1732, 1734, -1,
      2040, 1734, 2039, -1,
      2039, 1734, 1736, -1,
      2039, 1736, 2038, -1,
      2038, 1736, 1738, -1,
      2038, 1738, 2036, -1,
      1750, 2051, 1739, -1,
      1739, 2051, 2052, -1,
      1739, 2052, 1738, -1,
      1738, 2052, 2053, -1,
      1738, 2053, 2036, -1,
      87, 85, 1471, -1,
      1471, 85, 2054, -1,
      1471, 2054, 1740, -1,
      1740, 2054, 2055, -1,
      1740, 2055, 1741, -1,
      1741, 2055, 2056, -1,
      1741, 2056, 1742, -1,
      1742, 2056, 2057, -1,
      1742, 2057, 1743, -1,
      1743, 2057, 2058, -1,
      1743, 2058, 1744, -1,
      1744, 2058, 2059, -1,
      1744, 2059, 1745, -1,
      1745, 2059, 2060, -1,
      1745, 2060, 1746, -1,
      1746, 2060, 2061, -1,
      1746, 2061, 1747, -1,
      1747, 2061, 2062, -1,
      1747, 2062, 1748, -1,
      1748, 2062, 2063, -1,
      1748, 2063, 1749, -1,
      1749, 2063, 1437, -1,
      1749, 1437, 1751, -1,
      1751, 1437, 1436, -1,
      2064, 1435, 1617, -1,
      1617, 1435, 1437, -1,
      1617, 1437, 1616, -1,
      1616, 1437, 2063, -1,
      1616, 2063, 1615, -1,
      1615, 2063, 2062, -1,
      1615, 2062, 1614, -1,
      1614, 2062, 2061, -1,
      1614, 2061, 1613, -1,
      1613, 2061, 2060, -1,
      1613, 2060, 1612, -1,
      1612, 2060, 2059, -1,
      1612, 2059, 1611, -1,
      1611, 2059, 2058, -1,
      1611, 2058, 1610, -1,
      1610, 2058, 2057, -1,
      1610, 2057, 1609, -1,
      1609, 2057, 2056, -1,
      1609, 2056, 1608, -1,
      1608, 2056, 2055, -1,
      1608, 2055, 1477, -1,
      1477, 2055, 2054, -1,
      1477, 2054, 83, -1,
      83, 2054, 85, -1,
      1528, 1760, 1529, -1,
      1529, 1760, 1620, -1,
      1529, 1620, 1559, -1,
      1559, 1620, 1619, -1,
      1559, 1619, 1587, -1,
      1587, 1619, 1752, -1,
      1587, 1752, 1617, -1,
      1617, 1752, 2065, -1,
      1617, 2065, 2064, -1,
      1756, 2066, 1754, -1,
      1754, 2066, 2067, -1,
      1754, 2067, 1753, -1,
      1753, 2067, 2068, -1,
      1753, 2068, 1752, -1,
      1752, 2068, 2069, -1,
      1752, 2069, 2065, -1,
      1433, 1755, 1434, -1,
      1434, 1755, 1757, -1,
      1434, 1757, 2070, -1,
      2070, 1757, 1758, -1,
      2070, 1758, 2071, -1,
      2071, 1758, 1759, -1,
      2071, 1759, 2072, -1,
      2072, 1759, 1760, -1,
      2072, 1760, 2073, -1,
      2073, 1760, 1528, -1,
      2073, 1528, 2074, -1,
      2074, 1528, 1526, -1,
      2074, 1526, 2075, -1,
      2075, 1526, 1524, -1,
      2075, 1524, 2076, -1,
      2076, 1524, 1522, -1,
      2076, 1522, 2077, -1,
      2077, 1522, 1520, -1,
      2077, 1520, 2078, -1,
      2078, 1520, 1518, -1,
      2078, 1518, 1467, -1,
      1467, 1518, 1468, -1,
      1467, 1468, 65, -1,
      65, 1468, 67, -1,
      63, 61, 1467, -1,
      1467, 61, 1466, -1,
      1467, 1466, 2078, -1,
      2078, 1466, 1762, -1,
      2078, 1762, 2077, -1,
      2077, 1762, 1764, -1,
      2077, 1764, 2076, -1,
      2076, 1764, 1766, -1,
      2076, 1766, 2075, -1,
      2075, 1766, 1768, -1,
      2075, 1768, 2074, -1,
      2074, 1768, 1770, -1,
      2074, 1770, 2073, -1,
      2073, 1770, 1772, -1,
      2073, 1772, 2072, -1,
      2072, 1772, 1774, -1,
      2072, 1774, 2071, -1,
      2071, 1774, 1776, -1,
      2071, 1776, 2070, -1,
      2070, 1776, 1778, -1,
      2070, 1778, 1434, -1,
      1434, 1778, 1780, -1,
      1434, 1780, 1432, -1,
      1792, 2079, 1781, -1,
      1781, 2079, 2080, -1,
      1781, 2080, 1780, -1,
      1780, 2080, 2081, -1,
      1780, 2081, 1432, -1,
      53, 51, 1465, -1,
      1465, 51, 2082, -1,
      1465, 2082, 1782, -1,
      1782, 2082, 2083, -1,
      1782, 2083, 1783, -1,
      1783, 2083, 2084, -1,
      1783, 2084, 1784, -1,
      1784, 2084, 2085, -1,
      1784, 2085, 1785, -1,
      1785, 2085, 2086, -1,
      1785, 2086, 1786, -1,
      1786, 2086, 2087, -1,
      1786, 2087, 1787, -1,
      1787, 2087, 2088, -1,
      1787, 2088, 1788, -1,
      1788, 2088, 2089, -1,
      1788, 2089, 1789, -1,
      1789, 2089, 2090, -1,
      1789, 2090, 1790, -1,
      1790, 2090, 2091, -1,
      1790, 2091, 1791, -1,
      1791, 2091, 1431, -1,
      1791, 1431, 1793, -1,
      1793, 1431, 1430, -1,
      51, 49, 2082, -1,
      2082, 49, 1478, -1,
      2082, 1478, 2083, -1,
      2083, 1478, 1794, -1,
      2083, 1794, 2084, -1,
      2084, 1794, 1796, -1,
      2084, 1796, 2085, -1,
      2085, 1796, 1798, -1,
      2085, 1798, 2086, -1,
      2086, 1798, 1800, -1,
      2086, 1800, 2087, -1,
      2087, 1800, 1802, -1,
      2087, 1802, 2088, -1,
      2088, 1802, 1804, -1,
      2088, 1804, 2089, -1,
      2089, 1804, 1806, -1,
      2089, 1806, 2090, -1,
      2090, 1806, 1808, -1,
      2090, 1808, 2091, -1,
      2091, 1808, 1810, -1,
      2091, 1810, 1431, -1,
      1431, 1810, 1812, -1,
      1431, 1812, 1429, -1,
      2092, 2093, 2094, -1,
      2094, 2093, 1813, -1,
      2094, 1813, 2095, -1,
      2095, 1813, 1811, -1,
      2095, 1811, 2096, -1,
      2096, 1811, 1809, -1,
      2096, 1809, 2097, -1,
      2097, 1809, 1807, -1,
      2097, 1807, 2098, -1,
      2098, 1807, 1805, -1,
      2098, 1805, 2099, -1,
      2099, 1805, 1803, -1,
      2099, 1803, 2100, -1,
      2100, 1803, 1801, -1,
      2100, 1801, 2101, -1,
      2101, 1801, 1799, -1,
      2101, 1799, 2102, -1,
      2102, 1799, 1797, -1,
      2102, 1797, 2103, -1,
      2103, 1797, 1795, -1,
      2103, 1795, 1463, -1,
      1463, 1795, 1464, -1,
      1463, 1464, 41, -1,
      41, 1464, 43, -1,
      2093, 2104, 1813, -1,
      1813, 2104, 2105, -1,
      1813, 2105, 1812, -1,
      1812, 2105, 2106, -1,
      1812, 2106, 1429, -1,
      39, 37, 1463, -1,
      1463, 37, 1814, -1,
      1463, 1814, 2103, -1,
      2103, 1814, 1815, -1,
      2103, 1815, 2102, -1,
      2102, 1815, 1817, -1,
      2102, 1817, 2101, -1,
      2101, 1817, 1819, -1,
      2101, 1819, 2100, -1,
      2100, 1819, 1821, -1,
      2100, 1821, 2099, -1,
      2099, 1821, 1823, -1,
      2099, 1823, 2098, -1,
      2098, 1823, 1825, -1,
      2098, 1825, 2097, -1,
      2097, 1825, 1827, -1,
      2097, 1827, 2096, -1,
      2096, 1827, 1829, -1,
      2096, 1829, 2095, -1,
      2095, 1829, 1831, -1,
      2095, 1831, 2094, -1,
      2094, 1831, 1833, -1,
      2094, 1833, 2092, -1,
      1845, 2107, 1834, -1,
      1834, 2107, 2108, -1,
      1834, 2108, 1833, -1,
      1833, 2108, 2109, -1,
      1833, 2109, 2092, -1,
      29, 27, 1461, -1,
      1461, 27, 2110, -1,
      1461, 2110, 1835, -1,
      1835, 2110, 2111, -1,
      1835, 2111, 1836, -1,
      1836, 2111, 2112, -1,
      1836, 2112, 1837, -1,
      1837, 2112, 2113, -1,
      1837, 2113, 1838, -1,
      1838, 2113, 2114, -1,
      1838, 2114, 1839, -1,
      1839, 2114, 2115, -1,
      1839, 2115, 1840, -1,
      1840, 2115, 2116, -1,
      1840, 2116, 1841, -1,
      1841, 2116, 2117, -1,
      1841, 2117, 1842, -1,
      1842, 2117, 2118, -1,
      1842, 2118, 1843, -1,
      1843, 2118, 2119, -1,
      1843, 2119, 1844, -1,
      1844, 2119, 1428, -1,
      1844, 1428, 1846, -1,
      1846, 1428, 1427, -1,
      27, 25, 2110, -1,
      2110, 25, 1479, -1,
      2110, 1479, 2111, -1,
      2111, 1479, 1847, -1,
      2111, 1847, 2112, -1,
      2112, 1847, 1849, -1,
      2112, 1849, 2113, -1,
      2113, 1849, 1851, -1,
      2113, 1851, 2114, -1,
      2114, 1851, 1853, -1,
      2114, 1853, 2115, -1,
      2115, 1853, 1855, -1,
      2115, 1855, 2116, -1,
      2116, 1855, 1857, -1,
      2116, 1857, 2117, -1,
      2117, 1857, 1859, -1,
      2117, 1859, 2118, -1,
      2118, 1859, 1861, -1,
      2118, 1861, 2119, -1,
      2119, 1861, 1863, -1,
      2119, 1863, 1428, -1,
      1428, 1863, 1865, -1,
      1428, 1865, 1426, -1,
      2120, 2121, 2122, -1,
      2122, 2121, 1866, -1,
      2122, 1866, 2123, -1,
      2123, 1866, 1864, -1,
      2123, 1864, 2124, -1,
      2124, 1864, 1862, -1,
      2124, 1862, 2125, -1,
      2125, 1862, 1860, -1,
      2125, 1860, 2126, -1,
      2126, 1860, 1858, -1,
      2126, 1858, 2127, -1,
      2127, 1858, 1856, -1,
      2127, 1856, 2128, -1,
      2128, 1856, 1854, -1,
      2128, 1854, 2129, -1,
      2129, 1854, 1852, -1,
      2129, 1852, 2130, -1,
      2130, 1852, 1850, -1,
      2130, 1850, 2131, -1,
      2131, 1850, 1848, -1,
      2131, 1848, 1459, -1,
      1459, 1848, 1460, -1,
      1459, 1460, 17, -1,
      17, 1460, 19, -1,
      2121, 2132, 1866, -1,
      1866, 2132, 2133, -1,
      1866, 2133, 1865, -1,
      1865, 2133, 2134, -1,
      1865, 2134, 1426, -1,
      15, 13, 1459, -1,
      1459, 13, 1867, -1,
      1459, 1867, 2131, -1,
      2131, 1867, 1868, -1,
      2131, 1868, 2130, -1,
      2130, 1868, 1870, -1,
      2130, 1870, 2129, -1,
      2129, 1870, 1872, -1,
      2129, 1872, 2128, -1,
      2128, 1872, 1874, -1,
      2128, 1874, 2127, -1,
      2127, 1874, 1876, -1,
      2127, 1876, 2126, -1,
      2126, 1876, 1878, -1,
      2126, 1878, 2125, -1,
      2125, 1878, 1880, -1,
      2125, 1880, 2124, -1,
      2124, 1880, 1882, -1,
      2124, 1882, 2123, -1,
      2123, 1882, 1884, -1,
      2123, 1884, 2122, -1,
      2122, 1884, 1886, -1,
      2122, 1886, 2120, -1,
      1898, 2135, 1887, -1,
      1887, 2135, 2136, -1,
      1887, 2136, 1886, -1,
      1886, 2136, 2137, -1,
      1886, 2137, 2120, -1,
      5, 3, 1457, -1,
      1457, 3, 2138, -1,
      1457, 2138, 1888, -1,
      1888, 2138, 2139, -1,
      1888, 2139, 1889, -1,
      1889, 2139, 2140, -1,
      1889, 2140, 1890, -1,
      1890, 2140, 2141, -1,
      1890, 2141, 1891, -1,
      1891, 2141, 2142, -1,
      1891, 2142, 1892, -1,
      1892, 2142, 2143, -1,
      1892, 2143, 1893, -1,
      1893, 2143, 2144, -1,
      1893, 2144, 1894, -1,
      1894, 2144, 2145, -1,
      1894, 2145, 1895, -1,
      1895, 2145, 2146, -1,
      1895, 2146, 1896, -1,
      1896, 2146, 2147, -1,
      1896, 2147, 1897, -1,
      1897, 2147, 1425, -1,
      1897, 1425, 1899, -1,
      1899, 1425, 1424, -1,
      2148, 1423, 1630, -1,
      1630, 1423, 1425, -1,
      1630, 1425, 1629, -1,
      1629, 1425, 2147, -1,
      1629, 2147, 1628, -1,
      1628, 2147, 2146, -1,
      1628, 2146, 1627, -1,
      1627, 2146, 2145, -1,
      1627, 2145, 1626, -1,
      1626, 2145, 2144, -1,
      1626, 2144, 1625, -1,
      1625, 2144, 2143, -1,
      1625, 2143, 1624, -1,
      1624, 2143, 2142, -1,
      1624, 2142, 1623, -1,
      1623, 2142, 2141, -1,
      1623, 2141, 1622, -1,
      1622, 2141, 2140, -1,
      1622, 2140, 1621, -1,
      1621, 2140, 2139, -1,
      1621, 2139, 1480, -1,
      1480, 2139, 2138, -1,
      1480, 2138, 1, -1,
      1, 2138, 3, -1,
      1542, 1908, 1543, -1,
      1543, 1908, 1633, -1,
      1543, 1633, 1567, -1,
      1567, 1633, 1632, -1,
      1567, 1632, 1596, -1,
      1596, 1632, 1900, -1,
      1596, 1900, 1630, -1,
      1630, 1900, 2149, -1,
      1630, 2149, 2148, -1,
      1904, 2150, 1902, -1,
      1902, 2150, 2151, -1,
      1902, 2151, 1901, -1,
      1901, 2151, 2152, -1,
      1901, 2152, 1900, -1,
      1900, 2152, 2153, -1,
      1900, 2153, 2149, -1,
      1421, 1903, 1422, -1,
      1422, 1903, 1905, -1,
      1422, 1905, 2154, -1,
      2154, 1905, 1906, -1,
      2154, 1906, 2155, -1,
      2155, 1906, 1907, -1,
      2155, 1907, 2156, -1,
      2156, 1907, 1908, -1,
      2156, 1908, 2157, -1,
      2157, 1908, 1542, -1,
      2157, 1542, 2158, -1,
      2158, 1542, 1540, -1,
      2158, 1540, 2159, -1,
      2159, 1540, 1538, -1,
      2159, 1538, 2160, -1,
      2160, 1538, 1536, -1,
      2160, 1536, 2161, -1,
      2161, 1536, 1534, -1,
      2161, 1534, 2162, -1,
      2162, 1534, 1532, -1,
      2162, 1532, 1453, -1,
      1453, 1532, 1454, -1,
      1453, 1454, 203, -1,
      203, 1454, 205, -1,
      201, 199, 1453, -1,
      1453, 199, 1452, -1,
      1453, 1452, 2162, -1,
      2162, 1452, 1910, -1,
      2162, 1910, 2161, -1,
      2161, 1910, 1912, -1,
      2161, 1912, 2160, -1,
      2160, 1912, 1914, -1,
      2160, 1914, 2159, -1,
      2159, 1914, 1916, -1,
      2159, 1916, 2158, -1,
      2158, 1916, 1918, -1,
      2158, 1918, 2157, -1,
      2157, 1918, 1920, -1,
      2157, 1920, 2156, -1,
      2156, 1920, 1922, -1,
      2156, 1922, 2155, -1,
      2155, 1922, 1924, -1,
      2155, 1924, 2154, -1,
      2154, 1924, 1926, -1,
      2154, 1926, 1422, -1,
      1422, 1926, 1928, -1,
      1422, 1928, 1420, -1,
      1940, 2163, 1929, -1,
      1929, 2163, 2164, -1,
      1929, 2164, 1928, -1,
      1928, 2164, 2165, -1,
      1928, 2165, 1420, -1,
      191, 189, 1451, -1,
      1451, 189, 2166, -1,
      1451, 2166, 1930, -1,
      1930, 2166, 2167, -1,
      1930, 2167, 1931, -1,
      1931, 2167, 2168, -1,
      1931, 2168, 1932, -1,
      1932, 2168, 2169, -1,
      1932, 2169, 1933, -1,
      1933, 2169, 2170, -1,
      1933, 2170, 1934, -1,
      1934, 2170, 2171, -1,
      1934, 2171, 1935, -1,
      1935, 2171, 2172, -1,
      1935, 2172, 1936, -1,
      1936, 2172, 2173, -1,
      1936, 2173, 1937, -1,
      1937, 2173, 2174, -1,
      1937, 2174, 1938, -1,
      1938, 2174, 2175, -1,
      1938, 2175, 1939, -1,
      1939, 2175, 1419, -1,
      1939, 1419, 1941, -1,
      1941, 1419, 1418, -1,
      189, 187, 2166, -1,
      2166, 187, 1481, -1,
      2166, 1481, 2167, -1,
      2167, 1481, 1942, -1,
      2167, 1942, 2168, -1,
      2168, 1942, 1944, -1,
      2168, 1944, 2169, -1,
      2169, 1944, 1946, -1,
      2169, 1946, 2170, -1,
      2170, 1946, 1948, -1,
      2170, 1948, 2171, -1,
      2171, 1948, 1950, -1,
      2171, 1950, 2172, -1,
      2172, 1950, 1952, -1,
      2172, 1952, 2173, -1,
      2173, 1952, 1954, -1,
      2173, 1954, 2174, -1,
      2174, 1954, 1956, -1,
      2174, 1956, 2175, -1,
      2175, 1956, 1958, -1,
      2175, 1958, 1419, -1,
      1419, 1958, 1960, -1,
      1419, 1960, 1417, -1,
      2176, 2177, 2178, -1,
      2178, 2177, 1961, -1,
      2178, 1961, 2179, -1,
      2179, 1961, 1959, -1,
      2179, 1959, 2180, -1,
      2180, 1959, 1957, -1,
      2180, 1957, 2181, -1,
      2181, 1957, 1955, -1,
      2181, 1955, 2182, -1,
      2182, 1955, 1953, -1,
      2182, 1953, 2183, -1,
      2183, 1953, 1951, -1,
      2183, 1951, 2184, -1,
      2184, 1951, 1949, -1,
      2184, 1949, 2185, -1,
      2185, 1949, 1947, -1,
      2185, 1947, 2186, -1,
      2186, 1947, 1945, -1,
      2186, 1945, 2187, -1,
      2187, 1945, 1943, -1,
      2187, 1943, 1449, -1,
      1449, 1943, 1450, -1,
      1449, 1450, 179, -1,
      179, 1450, 181, -1,
      2177, 2188, 1961, -1,
      1961, 2188, 2189, -1,
      1961, 2189, 1960, -1,
      1960, 2189, 2190, -1,
      1960, 2190, 1417, -1,
      177, 175, 1449, -1,
      1449, 175, 1962, -1,
      1449, 1962, 2187, -1,
      2187, 1962, 1963, -1,
      2187, 1963, 2186, -1,
      2186, 1963, 1965, -1,
      2186, 1965, 2185, -1,
      2185, 1965, 1967, -1,
      2185, 1967, 2184, -1,
      2184, 1967, 1969, -1,
      2184, 1969, 2183, -1,
      2183, 1969, 1971, -1,
      2183, 1971, 2182, -1,
      2182, 1971, 1973, -1,
      2182, 1973, 2181, -1,
      2181, 1973, 1975, -1,
      2181, 1975, 2180, -1,
      2180, 1975, 1977, -1,
      2180, 1977, 2179, -1,
      2179, 1977, 1979, -1,
      2179, 1979, 2178, -1,
      2178, 1979, 1981, -1,
      2178, 1981, 2176, -1,
      1993, 2191, 1982, -1,
      1982, 2191, 2192, -1,
      1982, 2192, 1981, -1,
      1981, 2192, 2193, -1,
      1981, 2193, 2176, -1,
      167, 165, 1447, -1,
      1447, 165, 1441, -1,
      1447, 1441, 1983, -1,
      1983, 1441, 1443, -1,
      1983, 1443, 1984, -1,
      1984, 1443, 1489, -1,
      1984, 1489, 1985, -1,
      1985, 1489, 1494, -1,
      1985, 1494, 1986, -1,
      1986, 1494, 1497, -1,
      1986, 1497, 1987, -1,
      1987, 1497, 1502, -1,
      1987, 1502, 1988, -1,
      1988, 1502, 1510, -1,
      1988, 1510, 1989, -1,
      1989, 1510, 1544, -1,
      1989, 1544, 1990, -1,
      1990, 1544, 1568, -1,
      1990, 1568, 1991, -1,
      1991, 1568, 1597, -1,
      1991, 1597, 1992, -1,
      1992, 1597, 1634, -1,
      1992, 1634, 1994, -1,
      1994, 1634, 2194, -1,
      2195, 2196, 2197, -1,
      129, 1445, 1644, -1,
      1644, 1445, 2198, -1,
      1644, 2198, 1643, -1,
      1643, 2198, 2199, -1,
      1643, 2199, 1642, -1,
      1642, 2199, 2200, -1,
      1642, 2200, 1641, -1,
      1641, 2200, 2201, -1,
      1641, 2201, 1640, -1,
      1640, 2201, 2202, -1,
      1640, 2202, 1639, -1,
      1639, 2202, 2203, -1,
      1639, 2203, 1638, -1,
      1638, 2203, 2204, -1,
      1638, 2204, 1637, -1,
      1637, 2204, 2205, -1,
      1637, 2205, 1636, -1,
      1636, 2205, 2206, -1,
      1636, 2206, 1635, -1,
      1635, 2206, 2195, -1,
      1635, 2195, 1634, -1,
      1634, 2195, 2197, -1,
      1634, 2197, 2194, -1,
      125, 1487, 1445, -1,
      1445, 1487, 2207, -1,
      1445, 2207, 2198, -1,
      2198, 2207, 2208, -1,
      2198, 2208, 2199, -1,
      2199, 2208, 2209, -1,
      2199, 2209, 2200, -1,
      2200, 2209, 2210, -1,
      2200, 2210, 2201, -1,
      2201, 2210, 2211, -1,
      2201, 2211, 2202, -1,
      2202, 2211, 2212, -1,
      2202, 2212, 2203, -1,
      2203, 2212, 2213, -1,
      2203, 2213, 2204, -1,
      2204, 2213, 2214, -1,
      2204, 2214, 2205, -1,
      2205, 2214, 2215, -1,
      2205, 2215, 2206, -1,
      2206, 2215, 1416, -1,
      2206, 1416, 2195, -1,
      2195, 1416, 1415, -1,
      2195, 1415, 2196, -1,
      121, 1488, 1487, -1,
      1487, 1488, 2216, -1,
      1487, 2216, 2207, -1,
      2207, 2216, 2217, -1,
      2207, 2217, 2208, -1,
      2208, 2217, 2218, -1,
      2208, 2218, 2209, -1,
      2209, 2218, 2219, -1,
      2209, 2219, 2210, -1,
      2210, 2219, 2220, -1,
      2210, 2220, 2211, -1,
      2211, 2220, 2221, -1,
      2211, 2221, 2212, -1,
      2212, 2221, 2222, -1,
      2212, 2222, 2213, -1,
      2213, 2222, 2223, -1,
      2213, 2223, 2214, -1,
      2214, 2223, 2224, -1,
      2214, 2224, 2215, -1,
      2215, 2224, 2225, -1,
      2215, 2225, 1416, -1,
      1416, 2225, 2226, -1,
      1416, 2226, 1414, -1,
      2227, 2228, 2229, -1,
      117, 1444, 1488, -1,
      1488, 1444, 2230, -1,
      1488, 2230, 2216, -1,
      2216, 2230, 2231, -1,
      2216, 2231, 2217, -1,
      2217, 2231, 2232, -1,
      2217, 2232, 2218, -1,
      2218, 2232, 2233, -1,
      2218, 2233, 2219, -1,
      2219, 2233, 2234, -1,
      2219, 2234, 2220, -1,
      2220, 2234, 2235, -1,
      2220, 2235, 2221, -1,
      2221, 2235, 2236, -1,
      2221, 2236, 2222, -1,
      2222, 2236, 2237, -1,
      2222, 2237, 2223, -1,
      2223, 2237, 2238, -1,
      2223, 2238, 2224, -1,
      2224, 2238, 2227, -1,
      2224, 2227, 2225, -1,
      2225, 2227, 2229, -1,
      2225, 2229, 2226, -1,
      115, 1686, 1444, -1,
      1444, 1686, 1493, -1,
      1444, 1493, 2230, -1,
      2230, 1493, 1492, -1,
      2230, 1492, 2231, -1,
      2231, 1492, 1667, -1,
      2231, 1667, 2232, -1,
      2232, 1667, 1509, -1,
      2232, 1509, 2233, -1,
      2233, 1509, 1508, -1,
      2233, 1508, 2234, -1,
      2234, 1508, 1654, -1,
      2234, 1654, 2235, -1,
      2235, 1654, 1578, -1,
      2235, 1578, 2236, -1,
      2236, 1578, 1577, -1,
      2236, 1577, 2237, -1,
      2237, 1577, 1607, -1,
      2237, 1607, 2238, -1,
      2238, 1607, 1645, -1,
      2238, 1645, 2227, -1,
      2227, 1645, 1999, -1,
      2227, 1999, 2228, -1,
    ]
  }
}

Shape {
  appearance Appearance {
    material Material {
      diffuseColor 1.0000 1.0000 1.0000
      specularColor 0.3020 0.3020 0.3020
      ambientIntensity 0.2
      transparency 0.0000
      shininess 0.5
    }
  }
  geometry IndexedFaceSet {
    ccw TRUE
    solid FALSE
    coord DEF co Coordinate {
      point [
        0.114961 0.511811 0.000000,
        0.191273 0.511811 0.000000,
        -0.511811 0.124222 0.000000,
        -0.511811 0.373470 0.000000,
        -0.511811 -0.073109 0.000000,
        -0.511811 0.013313 0.000000,
        -0.472441 0.511811 0.000000,
        -0.511811 0.472441 0.000000,
        -0.510469 0.482631 0.000000,
        -0.506537 0.492126 0.000000,
        -0.482631 0.510469 0.000000,
        -0.500280 0.500280 0.000000,
        -0.492126 0.506537 0.000000,
        -0.510469 -0.482631 0.000000,
        -0.511811 -0.472441 0.000000,
        -0.472441 -0.511811 0.000000,
        -0.511811 -0.177536 0.000000,
        0.114961 -0.511811 0.000000,
        -0.482631 -0.510469 0.000000,
        -0.492126 -0.506537 0.000000,
        -0.506537 -0.492126 0.000000,
        -0.500280 -0.500280 0.000000,
        0.511811 -0.177536 0.000000,
        0.310824 -0.511811 0.000000,
        0.511811 -0.472441 0.000000,
        0.472441 -0.511811 0.000000,
        0.482631 -0.510469 0.000000,
        0.506537 -0.492126 0.000000,
        0.500280 -0.500280 0.000000,
        0.492126 -0.506537 0.000000,
        0.510469 -0.482631 0.000000,
        0.506537 0.492126 0.000000,
        0.482631 0.510469 0.000000,
        0.500280 0.500280 0.000000,
        0.492126 0.506537 0.000000,
        0.510469 0.482631 0.000000,
        0.511811 0.472441 0.000000,
        0.472441 0.511811 0.000000,
        0.511811 -0.073109 0.000000,
        -0.511811 0.112442 0.000000,
        0.191273 -0.511811 0.000000,
        0.310824 0.511811 0.000000,
        0.511811 0.013313 0.000000,
        0.511811 0.112442 0.000000,
        0.511811 0.124222 0.000000,
        0.511811 0.373470 0.000000,
        0.472441 -0.511811 0.137795,
        0.482631 -0.510469 0.137795,
        0.492126 -0.506537 0.137795,
        0.500280 -0.500280 0.137795,
        0.506537 -0.492126 0.137795,
        0.510469 -0.482631 0.137795,
        0.511811 -0.472441 0.137795,
        -0.472441 -0.511811 0.137795,
        -0.511811 -0.472441 0.137795,
        -0.510469 -0.482631 0.137795,
        -0.506537 -0.492126 0.137795,
        -0.500280 -0.500280 0.137795,
        -0.492126 -0.506537 0.137795,
        -0.482631 -0.510469 0.137795,
        -0.511811 0.472441 0.137795,
        -0.472441 0.511811 0.137795,
        -0.482631 0.510469 0.137795,
        -0.492126 0.506537 0.137795,
        -0.500280 0.500280 0.137795,
        -0.506537 0.492126 0.137795,
        -0.510469 0.482631 0.137795,
        0.472441 0.511811 0.137795,
        0.511811 0.472441 0.137795,
        0.510469 0.482631 0.137795,
        0.506537 0.492126 0.137795,
        0.500280 0.500280 0.137795,
        0.492126 0.506537 0.137795,
        0.482631 0.510469 0.137795,
        -0.408275 -0.379257 0.137795,
        -0.404104 -0.382457 0.137795,
        -0.321642 -0.227039 0.137795,
        0.392783 -0.026867 0.137795,
        0.392783 0.026867 0.137795,
        0.385466 -0.080101 0.137795,
        0.370969 -0.131843 0.137795,
        0.349561 -0.181128 0.137795,
        0.053609 -0.390034 0.137795,
        0.000000 -0.393701 0.137795,
        -0.432582 -0.410935 0.137795,
        -0.437794 -0.401908 0.137795,
        -0.438480 -0.396696 0.137795,
        -0.437794 -0.391484 0.137795,
        0.204561 -0.336385 0.137795,
        0.156851 -0.361107 0.137795,
        0.106219 -0.379101 0.137795,
        -0.404104 -0.410935 0.137795,
        -0.408275 -0.414135 0.137795,
        -0.413131 -0.416147 0.137795,
        -0.418343 -0.416833 0.137795,
        -0.423555 -0.416147 0.137795,
        -0.428412 -0.414135 0.137795,
        -0.435782 -0.406765 0.137795,
        -0.435782 -0.386628 0.137795,
        -0.432582 -0.382457 0.137795,
        -0.428412 -0.379257 0.137795,
        -0.053609 -0.390034 0.137795,
        -0.398206 -0.396696 0.137795,
        -0.398893 -0.401908 0.137795,
        -0.400904 -0.406765 0.137795,
        -0.349561 -0.181128 0.137795,
        -0.418343 -0.376559 0.137795,
        -0.413131 -0.377246 0.137795,
        -0.106219 -0.379101 0.137795,
        -0.156851 -0.361107 0.137795,
        -0.398893 -0.391484 0.137795,
        -0.204561 -0.336385 0.137795,
        -0.400904 -0.386628 0.137795,
        -0.248460 -0.305398 0.137795,
        -0.287731 -0.268722 0.137795,
        0.287731 -0.268722 0.137795,
        0.248460 -0.305398 0.137795,
        0.321642 -0.227039 0.137795,
        -0.370969 -0.131843 0.137795,
        -0.385466 -0.080101 0.137795,
        -0.392783 -0.026867 0.137795,
        -0.156851 0.361107 0.137795,
        -0.106219 0.379101 0.137795,
        -0.423555 -0.377246 0.137795,
        -0.392783 0.026867 0.137795,
        -0.385466 0.080101 0.137795,
        -0.370969 0.131843 0.137795,
        0.349561 0.181128 0.137795,
        0.321642 0.227039 0.137795,
        0.287731 0.268722 0.137795,
        0.370969 0.131843 0.137795,
        0.385466 0.080101 0.137795,
        -0.349561 0.181128 0.137795,
        -0.321642 0.227039 0.137795,
        -0.287731 0.268722 0.137795,
        -0.248460 0.305398 0.137795,
        -0.204561 0.336385 0.137795,
        0.106219 0.379101 0.137795,
        0.156851 0.361107 0.137795,
        -0.053609 0.390034 0.137795,
        -0.000000 0.393701 0.137795,
        0.053609 0.390034 0.137795,
        0.204561 0.336385 0.137795,
        0.248460 0.305398 0.137795,
      ]
    }
    coordIndex [
      46, 25, 26, -1,
      46, 26, 47, -1,
      47, 26, 29, -1,
      47, 29, 48, -1,
      48, 29, 28, -1,
      48, 28, 49, -1,
      49, 28, 27, -1,
      49, 27, 50, -1,
      50, 27, 30, -1,
      50, 30, 51, -1,
      51, 30, 24, -1,
      51, 24, 52, -1,
      53, 15, 46, -1,
      46, 15, 17, -1,
      17, 40, 46, -1,
      46, 40, 23, -1,
      46, 23, 25, -1,
      54, 14, 13, -1,
      54, 13, 55, -1,
      55, 13, 20, -1,
      55, 20, 56, -1,
      56, 20, 21, -1,
      56, 21, 57, -1,
      57, 21, 19, -1,
      57, 19, 58, -1,
      58, 19, 18, -1,
      58, 18, 59, -1,
      59, 18, 15, -1,
      59, 15, 53, -1,
      16, 14, 54, -1,
      7, 3, 60, -1,
      60, 3, 2, -1,
      2, 39, 60, -1,
      60, 39, 5, -1,
      60, 5, 54, -1,
      54, 5, 4, -1,
      54, 4, 16, -1,
      61, 6, 10, -1,
      61, 10, 62, -1,
      62, 10, 12, -1,
      62, 12, 63, -1,
      63, 12, 11, -1,
      63, 11, 64, -1,
      64, 11, 9, -1,
      64, 9, 65, -1,
      65, 9, 8, -1,
      65, 8, 66, -1,
      66, 8, 7, -1,
      66, 7, 60, -1,
      67, 37, 41, -1,
      6, 61, 0, -1,
      0, 61, 67, -1,
      0, 67, 1, -1,
      1, 67, 41, -1,
      68, 36, 35, -1,
      68, 35, 69, -1,
      69, 35, 31, -1,
      69, 31, 70, -1,
      70, 31, 33, -1,
      70, 33, 71, -1,
      71, 33, 34, -1,
      71, 34, 72, -1,
      72, 34, 32, -1,
      72, 32, 73, -1,
      73, 32, 37, -1,
      73, 37, 67, -1,
      52, 24, 22, -1,
      22, 38, 52, -1,
      52, 38, 42, -1,
      52, 42, 68, -1,
      68, 42, 43, -1,
      43, 44, 68, -1,
      68, 44, 45, -1,
      68, 45, 36, -1,
      74, 75, 76, -1,
      77, 52, 78, -1,
      78, 52, 68, -1,
      77, 79, 52, -1,
      52, 79, 80, -1,
      52, 80, 81, -1,
      46, 82, 83, -1,
      84, 55, 56, -1,
      85, 86, 54, -1,
      54, 86, 87, -1,
      54, 87, 60, -1,
      88, 89, 46, -1,
      46, 89, 90, -1,
      46, 90, 82, -1,
      46, 91, 53, -1,
      53, 91, 92, -1,
      53, 92, 93, -1,
      93, 94, 53, -1,
      53, 94, 95, -1,
      53, 95, 59, -1,
      59, 95, 96, -1,
      59, 96, 58, -1,
      58, 96, 84, -1,
      58, 84, 57, -1,
      57, 84, 56, -1,
      55, 84, 54, -1,
      54, 84, 97, -1,
      54, 97, 85, -1,
      87, 98, 60, -1,
      60, 98, 99, -1,
      60, 99, 100, -1,
      101, 102, 83, -1,
      83, 102, 103, -1,
      83, 103, 46, -1,
      46, 103, 104, -1,
      46, 104, 91, -1,
      105, 106, 76, -1,
      76, 106, 107, -1,
      76, 107, 74, -1,
      101, 108, 102, -1,
      102, 108, 109, -1,
      102, 109, 110, -1,
      110, 109, 111, -1,
      110, 111, 112, -1,
      112, 111, 113, -1,
      112, 113, 75, -1,
      75, 113, 114, -1,
      75, 114, 76, -1,
      47, 115, 46, -1,
      46, 115, 116, -1,
      46, 116, 88, -1,
      47, 48, 115, -1,
      115, 48, 49, -1,
      115, 49, 50, -1,
      81, 117, 52, -1,
      52, 117, 115, -1,
      52, 115, 51, -1,
      51, 115, 50, -1,
      63, 64, 62, -1,
      62, 64, 65, -1,
      62, 65, 61, -1,
      61, 65, 66, -1,
      61, 66, 60, -1,
      105, 118, 106, -1,
      106, 118, 119, -1,
      106, 119, 120, -1,
      121, 122, 61, -1,
      100, 123, 60, -1,
      60, 123, 106, -1,
      60, 106, 61, -1,
      61, 106, 120, -1,
      120, 124, 61, -1,
      61, 124, 125, -1,
      61, 125, 126, -1,
      127, 68, 128, -1,
      128, 68, 129, -1,
      127, 130, 68, -1,
      68, 130, 131, -1,
      68, 131, 78, -1,
      126, 132, 61, -1,
      61, 132, 133, -1,
      61, 133, 134, -1,
      134, 135, 61, -1,
      61, 135, 136, -1,
      61, 136, 121, -1,
      137, 138, 67, -1,
      68, 69, 129, -1,
      129, 69, 70, -1,
      129, 70, 71, -1,
      122, 139, 61, -1,
      61, 139, 140, -1,
      61, 140, 67, -1,
      67, 140, 141, -1,
      67, 141, 137, -1,
      138, 142, 67, -1,
      67, 142, 143, -1,
      67, 143, 73, -1,
      73, 143, 129, -1,
      73, 129, 72, -1,
      72, 129, 71, -1,
    ]
  }
}

Shape {
  appearance Appearance {
    material Material {
      diffuseColor 0.9686 0.8784 0.6000
      specularColor 0.6784 0.6157 0.4196
      ambientIntensity 0.2
      transparency 0.0000
      shininess 0.5
    }
  }
  geometry IndexedFaceSet {
    ccw TRUE
    solid FALSE
    coord DEF co Coordinate {
      point [
        -0.010190 0.103641 0.000000,
        -0.019685 0.099708 0.000000,
        -0.027839 0.093452 0.000000,
        -0.034096 0.085298 0.000000,
        -0.038029 0.075802 0.000000,
        -0.039370 0.065613 0.000000,
        -0.038029 0.055423 0.000000,
        0.038029 0.055423 0.000000,
        0.039370 0.065613 0.000000,
        -0.034096 0.045928 0.000000,
        -0.027839 0.037774 0.000000,
        -0.019685 0.031517 0.000000,
        0.038029 0.075802 0.000000,
        0.034096 0.085298 0.000000,
        0.027839 0.093452 0.000000,
        0.019685 0.031517 0.000000,
        0.027839 0.037774 0.000000,
        0.034096 0.045928 0.000000,
        -0.010190 0.027584 0.000000,
        -0.000000 0.026243 0.000000,
        0.010190 0.027584 0.000000,
        0.019685 0.099708 0.000000,
        0.010190 0.103641 0.000000,
        -0.000000 0.104983 0.000000,
        0.106156 -0.378845 0.219039,
        0.112577 -0.377262 0.219039,
        0.349212 -0.180956 0.219039,
        0.360942 -0.157230 0.219039,
        0.392328 -0.026834 0.219039,
        0.393586 -0.009513 0.219039,
        0.349308 0.180987 0.219039,
        0.334436 0.207732 0.219039,
        0.156717 0.360778 0.219039,
        0.130672 0.371383 0.219039,
        -0.106104 0.378714 0.219039,
        -0.130672 0.371383 0.219039,
        -0.248177 0.305046 0.219039,
        -0.261072 0.294689 0.219039,
        -0.370671 0.131746 0.219039,
        -0.379872 0.103428 0.219039,
        -0.370620 -0.131710 0.219039,
        -0.360942 -0.157230 0.219039,
        -0.344082 -0.191332 0.219039,
        -0.349212 -0.180956 0.219039,
        -0.388081 0.066282 0.219039,
        -0.385048 0.080008 0.219039,
        -0.287704 0.268694 0.219039,
        -0.288295 0.268117 0.219039,
        -0.165906 0.357037 0.219039,
        -0.156717 0.360778 0.219039,
        0.094219 0.382261 0.219039,
        0.106104 0.378714 0.219039,
        0.312826 0.239040 0.219039,
        0.321281 0.226791 0.219039,
        0.392707 0.026865 0.219039,
        0.392667 0.028518 0.219039,
        0.374432 -0.121660 0.219039,
        0.370620 -0.131710 0.219039,
        0.215753 -0.329319 0.219039,
        0.204349 -0.336026 0.219039,
        -0.106156 -0.378845 0.219039,
        -0.075641 -0.386366 0.219039,
        -0.053544 -0.389593 0.219039,
        -0.037998 -0.391863 0.219039,
        0.000000 -0.393701 0.219039,
        -0.204349 -0.336026 0.219039,
        -0.182962 -0.348605 0.219039,
        -0.156710 -0.360804 0.219039,
        -0.148463 -0.364636 0.219039,
        -0.112577 -0.377262 0.219039,
        -0.287394 -0.268409 0.219039,
        -0.275004 -0.281732 0.219039,
        -0.248385 -0.305314 0.219039,
        -0.246530 -0.306958 0.219039,
        -0.215753 -0.329319 0.219039,
        -0.324009 -0.223648 0.219039,
        -0.321500 -0.226931 0.219039,
        -0.300912 -0.253875 0.219039,
        -0.392328 -0.026834 0.219039,
        -0.390830 -0.047456 0.219039,
        -0.385261 -0.080066 0.219039,
        -0.384426 -0.084954 0.219039,
        -0.374432 -0.121660 0.219039,
        -0.392667 0.028518 0.219039,
        -0.392707 0.026865 0.219039,
        -0.393586 -0.009513 0.219039,
        -0.368117 0.139608 0.219039,
        -0.352924 0.174485 0.219039,
        -0.312826 0.239040 0.219039,
        -0.321281 0.226791 0.219039,
        -0.334436 0.207732 0.219039,
        -0.349308 0.180987 0.219039,
        -0.199591 0.339358 0.219039,
        -0.204431 0.336187 0.219039,
        -0.231411 0.318511 0.219039,
        -0.000000 0.393241 0.219039,
        -0.019021 0.393241 0.219039,
        -0.053595 0.389889 0.219039,
        -0.056885 0.389569 0.219039,
        -0.094219 0.382261 0.219039,
        0.056885 0.389569 0.219039,
        0.053595 0.389889 0.219039,
        0.019021 0.393241 0.219039,
        0.248177 0.305046 0.219039,
        0.231411 0.318511 0.219039,
        0.204431 0.336187 0.219039,
        0.199591 0.339358 0.219039,
        0.165906 0.357037 0.219039,
        0.288295 0.268117 0.219039,
        0.287704 0.268694 0.219039,
        0.261072 0.294689 0.219039,
        0.352924 0.174485 0.219039,
        0.368117 0.139608 0.219039,
        0.388081 0.066282 0.219039,
        0.385048 0.080008 0.219039,
        0.379872 0.103428 0.219039,
        0.370671 0.131746 0.219039,
        0.384426 -0.084954 0.219039,
        0.385261 -0.080066 0.219039,
        0.390830 -0.047456 0.219039,
        0.287394 -0.268409 0.219039,
        0.300912 -0.253875 0.219039,
        0.321500 -0.226931 0.219039,
        0.324009 -0.223648 0.219039,
        0.344082 -0.191332 0.219039,
        0.246530 -0.306958 0.219039,
        0.248385 -0.305314 0.219039,
        0.275004 -0.281732 0.219039,
        0.182962 -0.348605 0.219039,
        0.148463 -0.364636 0.219039,
        0.156710 -0.360804 0.219039,
        0.075641 -0.386366 0.219039,
        0.037998 -0.391863 0.219039,
        0.053544 -0.389593 0.219039,
        -0.321642 -0.227039 0.137795,
        0.392783 -0.026867 0.137795,
        0.392783 0.026867 0.137795,
        0.385466 -0.080101 0.137795,
        0.370969 -0.131843 0.137795,
        0.349561 -0.181128 0.137795,
        0.053609 -0.390034 0.137795,
        0.000000 -0.393701 0.137795,
        0.204561 -0.336385 0.137795,
        0.156851 -0.361107 0.137795,
        0.106219 -0.379101 0.137795,
        -0.053609 -0.390034 0.137795,
        -0.349561 -0.181128 0.137795,
        -0.106219 -0.379101 0.137795,
        -0.156851 -0.361107 0.137795,
        -0.204561 -0.336385 0.137795,
        -0.248460 -0.305398 0.137795,
        -0.287731 -0.268722 0.137795,
        0.287731 -0.268722 0.137795,
        0.248460 -0.305398 0.137795,
        0.321642 -0.227039 0.137795,
        -0.370969 -0.131843 0.137795,
        -0.385466 -0.080101 0.137795,
        -0.392783 -0.026867 0.137795,
        -0.156851 0.361107 0.137795,
        -0.106219 0.379101 0.137795,
        -0.392783 0.026867 0.137795,
        -0.385466 0.080101 0.137795,
        -0.370969 0.131843 0.137795,
        0.349561 0.181128 0.137795,
        0.321642 0.227039 0.137795,
        0.287731 0.268722 0.137795,
        0.370969 0.131843 0.137795,
        0.385466 0.080101 0.137795,
        -0.349561 0.181128 0.137795,
        -0.321642 0.227039 0.137795,
        -0.287731 0.268722 0.137795,
        -0.248460 0.305398 0.137795,
        -0.204561 0.336385 0.137795,
        0.106219 0.379101 0.137795,
        0.156851 0.361107 0.137795,
        -0.053609 0.390034 0.137795,
        -0.000000 0.393701 0.137795,
        0.053609 0.390034 0.137795,
        0.204561 0.336385 0.137795,
        0.248460 0.305398 0.137795,
        -0.000000 0.104983 0.070866,
        0.010190 0.103641 0.070866,
        0.019685 0.099708 0.070866,
        0.027839 0.093452 0.070866,
        0.034096 0.085298 0.070866,
        0.038029 0.075802 0.070866,
        0.039370 0.065613 0.070866,
        0.038029 0.055423 0.070866,
        0.034096 0.045928 0.070866,
        0.027839 0.037774 0.070866,
        0.019685 0.031517 0.070866,
        0.010190 0.027584 0.070866,
        -0.000000 0.026243 0.070866,
        -0.010190 0.027584 0.070866,
        -0.019685 0.031517 0.070866,
        -0.027839 0.037774 0.070866,
        -0.034096 0.045928 0.070866,
        -0.038029 0.055423 0.070866,
        -0.039370 0.065613 0.070866,
        -0.038029 0.075802 0.070866,
        -0.034096 0.085298 0.070866,
        -0.027839 0.093452 0.070866,
        -0.019685 0.099708 0.070866,
        -0.010190 0.103641 0.070866,
        -0.000000 0.065613 0.070866,
      ]
    }
    coordIndex [
      96, 176, 175, -1,
      34, 99, 159, -1,
      159, 99, 98, -1,
      159, 98, 175, -1,
      175, 98, 97, -1,
      175, 97, 96, -1,
      34, 159, 35, -1,
      35, 159, 158, -1,
      35, 158, 49, -1,
      49, 158, 48, -1,
      48, 158, 172, -1,
      48, 172, 92, -1,
      171, 94, 172, -1,
      172, 94, 93, -1,
      172, 93, 92, -1,
      170, 37, 171, -1,
      171, 37, 36, -1,
      171, 36, 94, -1,
      89, 88, 169, -1,
      169, 88, 47, -1,
      169, 47, 170, -1,
      170, 47, 46, -1,
      170, 46, 37, -1,
      89, 169, 90, -1,
      90, 169, 168, -1,
      90, 168, 91, -1,
      91, 168, 87, -1,
      87, 168, 162, -1,
      87, 162, 86, -1,
      161, 39, 162, -1,
      162, 39, 38, -1,
      162, 38, 86, -1,
      84, 83, 160, -1,
      160, 83, 44, -1,
      160, 44, 161, -1,
      161, 44, 45, -1,
      161, 45, 39, -1,
      84, 160, 85, -1,
      85, 160, 157, -1,
      85, 157, 78, -1,
      78, 157, 79, -1,
      79, 157, 156, -1,
      79, 156, 80, -1,
      80, 156, 81, -1,
      81, 156, 155, -1,
      81, 155, 82, -1,
      146, 41, 155, -1,
      155, 41, 40, -1,
      155, 40, 82, -1,
      76, 75, 134, -1,
      134, 75, 42, -1,
      134, 42, 146, -1,
      146, 42, 43, -1,
      146, 43, 41, -1,
      76, 134, 77, -1,
      77, 134, 151, -1,
      77, 151, 70, -1,
      70, 151, 71, -1,
      71, 151, 150, -1,
      71, 150, 72, -1,
      72, 150, 73, -1,
      73, 150, 149, -1,
      73, 149, 74, -1,
      148, 66, 149, -1,
      149, 66, 65, -1,
      149, 65, 74, -1,
      60, 69, 147, -1,
      147, 69, 68, -1,
      147, 68, 148, -1,
      148, 68, 67, -1,
      148, 67, 66, -1,
      60, 147, 61, -1,
      61, 147, 145, -1,
      61, 145, 62, -1,
      62, 145, 63, -1,
      63, 145, 141, -1,
      63, 141, 64, -1,
      64, 141, 132, -1,
      132, 141, 140, -1,
      132, 140, 133, -1,
      133, 140, 131, -1,
      131, 140, 144, -1,
      131, 144, 24, -1,
      24, 144, 25, -1,
      25, 144, 143, -1,
      25, 143, 129, -1,
      142, 128, 143, -1,
      143, 128, 130, -1,
      143, 130, 129, -1,
      126, 125, 153, -1,
      153, 125, 58, -1,
      153, 58, 142, -1,
      142, 58, 59, -1,
      142, 59, 128, -1,
      126, 153, 127, -1,
      127, 153, 152, -1,
      127, 152, 120, -1,
      120, 152, 121, -1,
      121, 152, 154, -1,
      121, 154, 122, -1,
      122, 154, 123, -1,
      123, 154, 139, -1,
      123, 139, 124, -1,
      138, 27, 139, -1,
      139, 27, 26, -1,
      139, 26, 124, -1,
      118, 117, 137, -1,
      137, 117, 56, -1,
      137, 56, 138, -1,
      138, 56, 57, -1,
      138, 57, 27, -1,
      118, 137, 119, -1,
      119, 137, 135, -1,
      119, 135, 28, -1,
      28, 135, 29, -1,
      29, 135, 136, -1,
      29, 136, 54, -1,
      54, 136, 55, -1,
      55, 136, 167, -1,
      55, 167, 113, -1,
      166, 115, 167, -1,
      167, 115, 114, -1,
      167, 114, 113, -1,
      30, 111, 163, -1,
      163, 111, 112, -1,
      163, 112, 166, -1,
      166, 112, 116, -1,
      166, 116, 115, -1,
      30, 163, 31, -1,
      31, 163, 164, -1,
      31, 164, 53, -1,
      53, 164, 52, -1,
      52, 164, 165, -1,
      52, 165, 108, -1,
      179, 110, 165, -1,
      165, 110, 109, -1,
      165, 109, 108, -1,
      178, 104, 179, -1,
      179, 104, 103, -1,
      179, 103, 110, -1,
      32, 107, 174, -1,
      174, 107, 106, -1,
      174, 106, 178, -1,
      178, 106, 105, -1,
      178, 105, 104, -1,
      32, 174, 33, -1,
      33, 174, 173, -1,
      33, 173, 51, -1,
      51, 173, 50, -1,
      50, 173, 177, -1,
      50, 177, 100, -1,
      96, 95, 176, -1,
      176, 95, 102, -1,
      176, 102, 177, -1,
      177, 102, 101, -1,
      177, 101, 100, -1,
      180, 23, 181, -1,
      181, 23, 22, -1,
      181, 22, 182, -1,
      182, 22, 21, -1,
      182, 21, 183, -1,
      183, 21, 14, -1,
      183, 14, 184, -1,
      184, 14, 13, -1,
      184, 13, 185, -1,
      185, 13, 12, -1,
      185, 12, 186, -1,
      186, 12, 8, -1,
      186, 8, 187, -1,
      187, 8, 7, -1,
      187, 7, 188, -1,
      188, 7, 17, -1,
      188, 17, 189, -1,
      189, 17, 16, -1,
      189, 16, 190, -1,
      190, 16, 15, -1,
      190, 15, 191, -1,
      191, 15, 20, -1,
      191, 20, 192, -1,
      192, 20, 19, -1,
      192, 19, 193, -1,
      193, 19, 18, -1,
      193, 18, 194, -1,
      194, 18, 11, -1,
      194, 11, 195, -1,
      195, 11, 10, -1,
      195, 10, 196, -1,
      196, 10, 9, -1,
      196, 9, 197, -1,
      197, 9, 6, -1,
      197, 6, 198, -1,
      198, 6, 5, -1,
      198, 5, 199, -1,
      199, 5, 4, -1,
      199, 4, 200, -1,
      200, 4, 3, -1,
      200, 3, 201, -1,
      201, 3, 2, -1,
      201, 2, 202, -1,
      202, 2, 1, -1,
      202, 1, 203, -1,
      203, 1, 0, -1,
      203, 0, 180, -1,
      180, 0, 23, -1,
      202, 203, 204, -1,
      204, 203, 180, -1,
      204, 180, 181, -1,
      199, 200, 204, -1,
      204, 200, 201, -1,
      204, 201, 202, -1,
      196, 197, 204, -1,
      204, 197, 198, -1,
      204, 198, 199, -1,
      193, 194, 204, -1,
      204, 194, 195, -1,
      204, 195, 196, -1,
      190, 191, 204, -1,
      204, 191, 192, -1,
      204, 192, 193, -1,
      187, 188, 204, -1,
      204, 188, 189, -1,
      204, 189, 190, -1,
      184, 185, 204, -1,
      204, 185, 186, -1,
      204, 186, 187, -1,
      181, 182, 204, -1,
      204, 182, 183, -1,
      204, 183, 184, -1,
    ]
  }
}

Shape {
  appearance Appearance {
    material Material {
      diffuseColor 0.1098 0.1098 0.1098
      specularColor 0.0784 0.0784 0.0784
      ambientIntensity 0.2
      transparency 0.0000
      shininess 0.5
    }
  }
  geometry IndexedFaceSet {
    ccw TRUE
    solid FALSE
    coord DEF co Coordinate {
      point [
        0.191993 0.024836 0.000000,
        0.224386 0.114013 0.000000,
        0.221933 0.112442 0.000000,
        0.213819 0.107245 0.000000,
        0.204507 0.097528 0.000000,
        0.197337 0.085203 0.000000,
        0.193274 0.071594 0.000000,
        0.191993 0.056952 0.000000,
        0.310104 0.024836 0.000000,
        0.310104 0.058167 0.000000,
        0.308312 0.075090 0.000000,
        0.303517 0.088868 0.000000,
        0.294917 0.101784 0.000000,
        0.294384 0.102388 0.000000,
        0.252534 0.119900 0.000000,
        0.236727 0.118243 0.000000,
        0.285108 0.110615 0.000000,
        0.281658 0.112442 0.000000,
        0.274905 0.116019 0.000000,
        0.263245 0.119107 0.000000,
        0.198115 -0.084632 0.000000,
        0.211078 -0.084632 0.000000,
        0.310824 -0.101989 0.000000,
        0.310568 -0.098287 0.000000,
        0.306863 -0.084632 0.000000,
        0.291019 -0.084632 0.000000,
        0.296715 -0.097936 0.000000,
        0.209906 -0.086749 0.000000,
        0.298580 -0.112291 0.000000,
        0.297274 -0.123922 0.000000,
        0.294084 -0.132762 0.000000,
        0.288615 -0.140937 0.000000,
        0.280741 -0.148069 0.000000,
        0.249788 -0.156650 0.000000,
        0.237002 -0.155454 0.000000,
        0.226842 -0.152245 0.000000,
        0.204753 -0.125967 0.000000,
        0.203516 -0.114947 0.000000,
        0.207922 -0.134572 0.000000,
        0.212808 -0.141821 0.000000,
        0.218652 -0.147360 0.000000,
        0.205256 -0.099269 0.000000,
        0.271622 -0.152939 0.000000,
        0.258978 -0.156087 0.000000,
        0.310824 -0.121222 0.000000,
        0.311544 -0.112426 0.000000,
        0.202088 -0.152657 0.000000,
        0.211431 -0.161522 0.000000,
        0.196014 -0.143158 0.000000,
        0.290013 -0.159358 0.000000,
        0.300272 -0.148704 0.000000,
        0.306737 -0.137487 0.000000,
        0.248820 -0.172494 0.000000,
        0.265435 -0.170833 0.000000,
        0.278965 -0.166275 0.000000,
        0.310570 -0.124320 0.000000,
        0.222665 -0.167808 0.000000,
        0.235170 -0.171357 0.000000,
        0.192945 -0.097222 0.000000,
        0.191273 -0.109157 0.000000,
        0.190608 -0.113901 0.000000,
        0.190553 -0.117130 0.000000,
        0.191273 -0.124076 0.000000,
        0.192062 -0.131686 0.000000,
        0.191993 -0.182577 0.000000,
        0.191993 -0.243072 0.000000,
        0.204957 -0.182577 0.000000,
        0.204957 -0.227228 0.000000,
        0.310104 -0.227228 0.000000,
        0.310104 -0.243072 0.000000,
        0.310104 -0.001091 0.000000,
        0.191993 -0.061586 0.000000,
        0.310104 -0.061586 0.000000,
        0.297140 -0.001091 0.000000,
        0.204957 0.001790 0.000000,
        0.191993 0.001790 0.000000,
        0.245287 -0.045742 0.000000,
        0.204957 -0.045742 0.000000,
        0.245287 -0.003971 0.000000,
        0.258250 -0.003971 0.000000,
        0.258250 -0.045742 0.000000,
        0.297140 -0.045742 0.000000,
        0.191993 0.217846 0.000000,
        0.225122 0.205895 0.000000,
        0.225122 0.157102 0.000000,
        0.191993 0.145827 0.000000,
        0.191993 0.128543 0.000000,
        0.191993 0.235130 0.000000,
        0.310104 0.189038 0.000000,
        0.310104 0.173194 0.000000,
        0.310104 0.189038 0.000394,
        0.191993 0.235130 0.000394,
        0.191993 0.217846 0.000394,
        0.225122 0.205895 0.000394,
        0.225122 0.157102 0.000394,
        0.191993 0.145827 0.000394,
        0.191993 0.128543 0.000394,
        0.310104 0.173194 0.000394,
        0.238085 0.161086 0.000394,
        0.287418 0.178708 0.000394,
        0.291514 0.179844 0.000394,
        0.295700 0.180598 0.000394,
        0.295700 0.180981 0.000394,
        0.291526 0.181752 0.000394,
        0.238085 0.200583 0.000394,
        0.287418 0.182804 0.000394,
        0.238085 0.161086 0.000000,
        0.238085 0.200583 0.000000,
        0.287418 0.178708 0.000000,
        0.291514 0.179844 0.000000,
        0.295700 0.180598 0.000000,
        0.295700 0.180981 0.000000,
        0.291526 0.181752 0.000000,
        0.287418 0.182804 0.000000,
        0.191993 0.056952 0.000394,
        0.191993 0.024836 0.000394,
        0.310104 0.024836 0.000394,
        0.310104 0.058167 0.000394,
        0.252534 0.119900 0.000394,
        0.263245 0.119107 0.000394,
        0.274905 0.116019 0.000394,
        0.285108 0.110615 0.000394,
        0.294384 0.102388 0.000394,
        0.294917 0.101784 0.000394,
        0.303517 0.088868 0.000394,
        0.308312 0.075090 0.000394,
        0.193274 0.071594 0.000394,
        0.197337 0.085203 0.000394,
        0.204507 0.097528 0.000394,
        0.213819 0.107245 0.000394,
        0.224386 0.114013 0.000394,
        0.236727 0.118243 0.000394,
        0.280596 0.096180 0.000394,
        0.286683 0.090439 0.000394,
        0.292252 0.081807 0.000394,
        0.295660 0.072054 0.000394,
        0.297140 0.058100 0.000394,
        0.297140 0.040680 0.000394,
        0.204957 0.040680 0.000394,
        0.204957 0.057447 0.000394,
        0.206116 0.069907 0.000394,
        0.209222 0.079854 0.000394,
        0.214006 0.087907 0.000394,
        0.220550 0.094530 0.000394,
        0.228694 0.099511 0.000394,
        0.239799 0.102974 0.000394,
        0.252196 0.104056 0.000394,
        0.263951 0.103053 0.000394,
        0.273317 0.100286 0.000394,
        0.297140 0.058100 0.000000,
        0.297140 0.040680 0.000000,
        0.295660 0.072054 0.000000,
        0.292252 0.081807 0.000000,
        0.286683 0.090439 0.000000,
        0.280596 0.096180 0.000000,
        0.273317 0.100286 0.000000,
        0.263951 0.103053 0.000000,
        0.252196 0.104056 0.000000,
        0.239799 0.102974 0.000000,
        0.228694 0.099511 0.000000,
        0.220550 0.094530 0.000000,
        0.214006 0.087907 0.000000,
        0.209222 0.079854 0.000000,
        0.206116 0.069907 0.000000,
        0.204957 0.057447 0.000000,
        0.204957 0.040680 0.000000,
        0.204957 0.001790 0.000394,
        0.191993 0.001790 0.000394,
        0.191993 -0.061586 0.000394,
        0.310104 -0.061586 0.000394,
        0.310104 -0.001091 0.000394,
        0.297140 -0.001091 0.000394,
        0.297140 -0.045742 0.000394,
        0.258250 -0.045742 0.000394,
        0.258250 -0.003971 0.000394,
        0.245287 -0.003971 0.000394,
        0.245287 -0.045742 0.000394,
        0.204957 -0.045742 0.000394,
        0.211078 -0.084632 0.000394,
        0.198115 -0.084632 0.000394,
        0.192945 -0.097222 0.000394,
        0.190553 -0.117130 0.000394,
        0.190608 -0.113901 0.000394,
        0.192062 -0.131686 0.000394,
        0.196014 -0.143158 0.000394,
        0.202088 -0.152657 0.000394,
        0.211431 -0.161522 0.000394,
        0.222665 -0.167808 0.000394,
        0.235170 -0.171357 0.000394,
        0.248820 -0.172494 0.000394,
        0.310570 -0.124320 0.000394,
        0.311544 -0.112426 0.000394,
        0.306737 -0.137487 0.000394,
        0.300272 -0.148704 0.000394,
        0.290013 -0.159358 0.000394,
        0.278965 -0.166275 0.000394,
        0.265435 -0.170833 0.000394,
        0.310568 -0.098287 0.000394,
        0.306863 -0.084632 0.000394,
        0.291019 -0.084632 0.000394,
        0.298580 -0.112291 0.000394,
        0.296715 -0.097936 0.000394,
        0.249788 -0.156650 0.000394,
        0.258978 -0.156087 0.000394,
        0.271622 -0.152939 0.000394,
        0.280741 -0.148069 0.000394,
        0.288615 -0.140937 0.000394,
        0.294084 -0.132762 0.000394,
        0.297274 -0.123922 0.000394,
        0.203516 -0.114947 0.000394,
        0.204753 -0.125967 0.000394,
        0.207922 -0.134572 0.000394,
        0.212808 -0.141821 0.000394,
        0.218652 -0.147360 0.000394,
        0.226842 -0.152245 0.000394,
        0.237002 -0.155454 0.000394,
        0.209906 -0.086749 0.000394,
        0.205256 -0.099269 0.000394,
        0.204957 -0.182577 0.000394,
        0.191993 -0.182577 0.000394,
        0.191993 -0.243072 0.000394,
        0.310104 -0.243072 0.000394,
        0.310104 -0.227228 0.000394,
        0.204957 -0.227228 0.000394,
      ]
    }
    coordIndex [
      90, 91, 88, -1,
      88, 91, 87, -1,
      91, 92, 87, -1,
      87, 92, 82, -1,
      92, 93, 82, -1,
      82, 93, 83, -1,
      93, 94, 83, -1,
      83, 94, 84, -1,
      94, 95, 84, -1,
      84, 95, 85, -1,
      95, 96, 85, -1,
      85, 96, 86, -1,
      96, 97, 86, -1,
      86, 97, 89, -1,
      97, 90, 89, -1,
      89, 90, 88, -1,
      98, 99, 97, -1,
      96, 95, 94, -1,
      99, 100, 97, -1,
      97, 100, 101, -1,
      97, 101, 90, -1,
      90, 101, 102, -1,
      90, 102, 103, -1,
      97, 96, 98, -1,
      98, 96, 94, -1,
      98, 94, 104, -1,
      104, 94, 93, -1,
      103, 105, 90, -1,
      90, 105, 104, -1,
      90, 104, 91, -1,
      91, 104, 93, -1,
      91, 93, 92, -1,
      98, 104, 106, -1,
      106, 104, 107, -1,
      99, 98, 108, -1,
      108, 98, 106, -1,
      99, 108, 109, -1,
      99, 109, 100, -1,
      100, 109, 110, -1,
      100, 110, 101, -1,
      102, 101, 111, -1,
      111, 101, 110, -1,
      102, 111, 112, -1,
      102, 112, 103, -1,
      103, 112, 113, -1,
      103, 113, 105, -1,
      104, 105, 107, -1,
      107, 105, 113, -1,
      114, 115, 7, -1,
      7, 115, 0, -1,
      115, 116, 0, -1,
      0, 116, 8, -1,
      116, 117, 8, -1,
      8, 117, 9, -1,
      118, 14, 19, -1,
      118, 19, 119, -1,
      119, 19, 18, -1,
      119, 18, 120, -1,
      120, 18, 17, -1,
      120, 17, 121, -1,
      17, 16, 121, -1,
      121, 16, 13, -1,
      121, 13, 122, -1,
      122, 13, 12, -1,
      122, 12, 123, -1,
      123, 12, 11, -1,
      123, 11, 124, -1,
      124, 11, 10, -1,
      124, 10, 125, -1,
      125, 10, 9, -1,
      125, 9, 117, -1,
      114, 7, 6, -1,
      114, 6, 126, -1,
      126, 6, 5, -1,
      126, 5, 127, -1,
      127, 5, 4, -1,
      127, 4, 128, -1,
      128, 4, 3, -1,
      128, 3, 129, -1,
      129, 3, 2, -1,
      129, 2, 130, -1,
      2, 1, 130, -1,
      130, 1, 15, -1,
      130, 15, 131, -1,
      131, 15, 14, -1,
      131, 14, 118, -1,
      120, 121, 132, -1,
      132, 121, 122, -1,
      132, 122, 133, -1,
      133, 122, 123, -1,
      133, 123, 134, -1,
      134, 123, 124, -1,
      134, 124, 135, -1,
      135, 124, 125, -1,
      135, 125, 136, -1,
      136, 125, 117, -1,
      136, 117, 137, -1,
      137, 117, 116, -1,
      137, 116, 138, -1,
      138, 116, 115, -1,
      138, 115, 139, -1,
      139, 115, 114, -1,
      139, 114, 140, -1,
      140, 114, 126, -1,
      140, 126, 141, -1,
      141, 126, 127, -1,
      141, 127, 142, -1,
      142, 127, 128, -1,
      142, 128, 143, -1,
      143, 128, 129, -1,
      143, 129, 144, -1,
      144, 129, 130, -1,
      144, 130, 145, -1,
      145, 130, 131, -1,
      145, 131, 146, -1,
      146, 131, 118, -1,
      146, 118, 147, -1,
      147, 118, 119, -1,
      147, 119, 148, -1,
      148, 119, 120, -1,
      148, 120, 132, -1,
      136, 137, 149, -1,
      149, 137, 150, -1,
      136, 149, 151, -1,
      136, 151, 135, -1,
      135, 151, 152, -1,
      135, 152, 134, -1,
      134, 152, 153, -1,
      134, 153, 133, -1,
      133, 153, 154, -1,
      133, 154, 132, -1,
      132, 154, 155, -1,
      132, 155, 148, -1,
      148, 155, 156, -1,
      148, 156, 147, -1,
      147, 156, 157, -1,
      147, 157, 146, -1,
      146, 157, 158, -1,
      146, 158, 145, -1,
      145, 158, 159, -1,
      145, 159, 144, -1,
      144, 159, 160, -1,
      144, 160, 143, -1,
      143, 160, 161, -1,
      143, 161, 142, -1,
      142, 161, 162, -1,
      142, 162, 141, -1,
      141, 162, 163, -1,
      141, 163, 140, -1,
      140, 163, 164, -1,
      140, 164, 139, -1,
      138, 139, 165, -1,
      165, 139, 164, -1,
      137, 138, 150, -1,
      150, 138, 165, -1,
      166, 167, 74, -1,
      74, 167, 75, -1,
      167, 168, 75, -1,
      75, 168, 71, -1,
      168, 169, 71, -1,
      71, 169, 72, -1,
      169, 170, 72, -1,
      72, 170, 70, -1,
      170, 171, 70, -1,
      70, 171, 73, -1,
      171, 172, 73, -1,
      73, 172, 81, -1,
      172, 173, 81, -1,
      81, 173, 80, -1,
      173, 174, 80, -1,
      80, 174, 79, -1,
      174, 175, 79, -1,
      79, 175, 78, -1,
      175, 176, 78, -1,
      78, 176, 76, -1,
      176, 177, 76, -1,
      76, 177, 77, -1,
      177, 166, 77, -1,
      77, 166, 74, -1,
      168, 167, 166, -1,
      166, 177, 168, -1,
      168, 177, 176, -1,
      168, 176, 169, -1,
      171, 170, 172, -1,
      172, 170, 169, -1,
      172, 169, 173, -1,
      173, 169, 176, -1,
      173, 176, 174, -1,
      174, 176, 175, -1,
      178, 179, 21, -1,
      21, 179, 20, -1,
      20, 179, 180, -1,
      181, 61, 60, -1,
      181, 60, 182, -1,
      182, 60, 59, -1,
      182, 59, 180, -1,
      180, 59, 58, -1,
      180, 58, 20, -1,
      61, 181, 62, -1,
      62, 181, 183, -1,
      62, 183, 63, -1,
      63, 183, 184, -1,
      63, 184, 48, -1,
      48, 184, 185, -1,
      48, 185, 46, -1,
      46, 185, 186, -1,
      46, 186, 47, -1,
      47, 186, 187, -1,
      47, 187, 56, -1,
      56, 187, 188, -1,
      56, 188, 57, -1,
      57, 188, 189, -1,
      57, 189, 52, -1,
      190, 191, 44, -1,
      44, 191, 45, -1,
      44, 55, 190, -1,
      190, 55, 51, -1,
      190, 51, 192, -1,
      192, 51, 50, -1,
      192, 50, 193, -1,
      193, 50, 49, -1,
      193, 49, 194, -1,
      194, 49, 54, -1,
      194, 54, 195, -1,
      195, 54, 53, -1,
      195, 53, 196, -1,
      196, 53, 52, -1,
      196, 52, 189, -1,
      45, 191, 22, -1,
      22, 191, 197, -1,
      22, 197, 23, -1,
      23, 197, 198, -1,
      23, 198, 24, -1,
      198, 199, 24, -1,
      24, 199, 25, -1,
      200, 28, 26, -1,
      200, 26, 201, -1,
      201, 26, 25, -1,
      201, 25, 199, -1,
      202, 33, 43, -1,
      202, 43, 203, -1,
      203, 43, 42, -1,
      203, 42, 204, -1,
      204, 42, 32, -1,
      204, 32, 205, -1,
      205, 32, 31, -1,
      205, 31, 206, -1,
      206, 31, 30, -1,
      206, 30, 207, -1,
      207, 30, 29, -1,
      207, 29, 208, -1,
      208, 29, 28, -1,
      208, 28, 200, -1,
      209, 37, 36, -1,
      209, 36, 210, -1,
      210, 36, 38, -1,
      210, 38, 211, -1,
      211, 38, 39, -1,
      211, 39, 212, -1,
      212, 39, 40, -1,
      212, 40, 213, -1,
      213, 40, 35, -1,
      213, 35, 214, -1,
      214, 35, 34, -1,
      214, 34, 215, -1,
      215, 34, 33, -1,
      215, 33, 202, -1,
      178, 21, 27, -1,
      178, 27, 216, -1,
      216, 27, 41, -1,
      216, 41, 217, -1,
      217, 41, 37, -1,
      217, 37, 209, -1,
      210, 181, 209, -1,
      209, 181, 182, -1,
      209, 182, 217, -1,
      217, 182, 180, -1,
      217, 180, 216, -1,
      216, 180, 179, -1,
      216, 179, 178, -1,
      199, 198, 201, -1,
      201, 198, 197, -1,
      201, 197, 200, -1,
      200, 197, 191, -1,
      200, 191, 208, -1,
      208, 191, 190, -1,
      208, 190, 207, -1,
      207, 190, 192, -1,
      207, 192, 206, -1,
      206, 192, 193, -1,
      206, 193, 205, -1,
      205, 193, 194, -1,
      205, 194, 204, -1,
      204, 194, 195, -1,
      204, 195, 203, -1,
      203, 195, 196, -1,
      203, 196, 202, -1,
      202, 196, 189, -1,
      202, 189, 215, -1,
      215, 189, 188, -1,
      215, 188, 214, -1,
      214, 188, 187, -1,
      214, 187, 213, -1,
      213, 187, 186, -1,
      213, 186, 212, -1,
      212, 186, 185, -1,
      212, 185, 211, -1,
      211, 185, 184, -1,
      211, 184, 210, -1,
      210, 184, 183, -1,
      210, 183, 181, -1,
      218, 219, 66, -1,
      66, 219, 64, -1,
      219, 220, 64, -1,
      64, 220, 65, -1,
      220, 221, 65, -1,
      65, 221, 69, -1,
      221, 222, 69, -1,
      69, 222, 68, -1,
      222, 223, 68, -1,
      68, 223, 67, -1,
      223, 218, 67, -1,
      67, 218, 66, -1,
      222, 221, 223, -1,
      223, 221, 220, -1,
      223, 220, 218, -1,
      218, 220, 219, -1,
    ]
  }
}

Shape {
  appearance Appearance {
    material Material {
      diffuseColor 1.0000 1.0000 1.0000
      specularColor 0.3020 0.3020 0.3020
      ambientIntensity 0.2
      transparency 0.0000
      shininess 0.5
    }
  }
  geometry IndexedFaceSet {
    ccw TRUE
    solid FALSE
    coord DEF co Coordinate {
      point [
        0.238085 0.161086 0.000000,
        0.238085 0.200583 0.000000,
        0.287418 0.178708 0.000000,
        0.291514 0.179844 0.000000,
        0.295700 0.180598 0.000000,
        0.295700 0.180981 0.000000,
        0.291526 0.181752 0.000000,
        0.287418 0.182804 0.000000,
        0.297140 0.058100 0.000000,
        0.297140 0.040680 0.000000,
        0.295660 0.072054 0.000000,
        0.292252 0.081807 0.000000,
        0.286683 0.090439 0.000000,
        0.280596 0.096180 0.000000,
        0.273317 0.100286 0.000000,
        0.263951 0.103053 0.000000,
        0.252196 0.104056 0.000000,
        0.239799 0.102974 0.000000,
        0.228694 0.099511 0.000000,
        0.220550 0.094530 0.000000,
        0.214006 0.087907 0.000000,
        0.209222 0.079854 0.000000,
        0.206116 0.069907 0.000000,
        0.204957 0.057447 0.000000,
        0.204957 0.040680 0.000000,
      ]
    }
    coordIndex [
      0, 1, 2, -1,
      2, 1, 7, -1,
      2, 7, 3, -1,
      3, 7, 6, -1,
      3, 6, 4, -1,
      4, 6, 5, -1,
      9, 24, 8, -1,
      8, 24, 23, -1,
      8, 23, 22, -1,
      16, 15, 8, -1,
      8, 15, 14, -1,
      8, 14, 10, -1,
      22, 21, 8, -1,
      8, 21, 20, -1,
      8, 20, 19, -1,
      19, 18, 8, -1,
      8, 18, 17, -1,
      8, 17, 16, -1,
      13, 12, 14, -1,
      14, 12, 11, -1,
      14, 11, 10, -1,
    ]
  }
}

Shape {
  appearance Appearance {
    material Material {
      diffuseColor 0.6471 0.6196 0.6000
      specularColor 0.3216 0.3098 0.3020
      ambientIntensity 0.2
      transparency 0.0000
      shininess 0.5
    }
  }
  geometry IndexedFaceSet {
    ccw TRUE
    solid FALSE
    coord DEF co Coordinate {
      point [
        -0.408275 -0.379257 0.137795,
        -0.404104 -0.382457 0.137795,
        -0.432582 -0.410935 0.137795,
        -0.437794 -0.401908 0.137795,
        -0.438480 -0.396696 0.137795,
        -0.437794 -0.391484 0.137795,
        -0.404104 -0.410935 0.137795,
        -0.408275 -0.414135 0.137795,
        -0.413131 -0.416147 0.137795,
        -0.418343 -0.416833 0.137795,
        -0.423555 -0.416147 0.137795,
        -0.428412 -0.414135 0.137795,
        -0.435782 -0.406765 0.137795,
        -0.435782 -0.386628 0.137795,
        -0.432582 -0.382457 0.137795,
        -0.428412 -0.379257 0.137795,
        -0.398206 -0.396696 0.137795,
        -0.398893 -0.401908 0.137795,
        -0.400904 -0.406765 0.137795,
        -0.418343 -0.376559 0.137795,
        -0.413131 -0.377246 0.137795,
        -0.398893 -0.391484 0.137795,
        -0.400904 -0.386628 0.137795,
        -0.423555 -0.377246 0.137795,
        -0.398206 -0.396696 0.137402,
        -0.398893 -0.391484 0.137402,
        -0.400904 -0.386628 0.137402,
        -0.404104 -0.382457 0.137402,
        -0.408275 -0.379257 0.137402,
        -0.413131 -0.377246 0.137402,
        -0.418343 -0.376559 0.137402,
        -0.423555 -0.377246 0.137402,
        -0.428412 -0.379257 0.137402,
        -0.432582 -0.382457 0.137402,
        -0.435782 -0.386628 0.137402,
        -0.437794 -0.391484 0.137402,
        -0.438480 -0.396696 0.137402,
        -0.437794 -0.401908 0.137402,
        -0.435782 -0.406765 0.137402,
        -0.432582 -0.410935 0.137402,
        -0.428412 -0.414135 0.137402,
        -0.423555 -0.416147 0.137402,
        -0.418343 -0.416833 0.137402,
        -0.413131 -0.416147 0.137402,
        -0.408275 -0.414135 0.137402,
        -0.404104 -0.410935 0.137402,
        -0.400904 -0.406765 0.137402,
        -0.398893 -0.401908 0.137402,
        -0.418343 -0.396696 0.137402,
      ]
    }
    coordIndex [
      24, 16, 25, -1,
      25, 16, 21, -1,
      25, 21, 26, -1,
      26, 21, 22, -1,
      26, 22, 27, -1,
      27, 22, 1, -1,
      27, 1, 28, -1,
      28, 1, 0, -1,
      28, 0, 29, -1,
      29, 0, 20, -1,
      29, 20, 30, -1,
      30, 20, 19, -1,
      30, 19, 31, -1,
      31, 19, 23, -1,
      31, 23, 32, -1,
      32, 23, 15, -1,
      32, 15, 33, -1,
      33, 15, 14, -1,
      33, 14, 34, -1,
      34, 14, 13, -1,
      34, 13, 35, -1,
      35, 13, 5, -1,
      35, 5, 36, -1,
      36, 5, 4, -1,
      36, 4, 37, -1,
      37, 4, 3, -1,
      37, 3, 38, -1,
      38, 3, 12, -1,
      38, 12, 39, -1,
      39, 12, 2, -1,
      39, 2, 40, -1,
      40, 2, 11, -1,
      40, 11, 41, -1,
      41, 11, 10, -1,
      41, 10, 42, -1,
      42, 10, 9, -1,
      42, 9, 43, -1,
      43, 9, 8, -1,
      43, 8, 44, -1,
      44, 8, 7, -1,
      44, 7, 45, -1,
      45, 7, 6, -1,
      45, 6, 46, -1,
      46, 6, 18, -1,
      46, 18, 47, -1,
      47, 18, 17, -1,
      47, 17, 24, -1,
      24, 17, 16, -1,
      46, 47, 48, -1,
      48, 47, 24, -1,
      48, 24, 25, -1,
      43, 44, 48, -1,
      48, 44, 45, -1,
      48, 45, 46, -1,
      40, 41, 48, -1,
      48, 41, 42, -1,
      48, 42, 43, -1,
      37, 38, 48, -1,
      48, 38, 39, -1,
      48, 39, 40, -1,
      34, 35, 48, -1,
      48, 35, 36, -1,
      48, 36, 37, -1,
      31, 32, 48, -1,
      48, 32, 33, -1,
      48, 33, 34, -1,
      28, 29, 48, -1,
      48, 29, 30, -1,
      48, 30, 31, -1,
      25, 26, 48, -1,
      48, 26, 27, -1,
      48, 27, 28, -1,
    ]
  }
}
